,Database,temperatureId,probeId,tempSSId,measDate,measSetNum,roomTempC,pulseVoltage,temperatureC,numTxCycles,numTxElements,txFrequencyHz,elevAperIndex,isTxAperModulationEn,txpgWaveformStyle,pulseRepetRate,scanRange,probeName,probePitchCm,probeRadiusCm,probeElevAperCm0,probeElevAperCm1,probeNumElements,probeElevFocusRangCm,probeDescription
348,Griffin_r01,1603,252,1963,2016-10-19 16:26:00,4,22.799999237060547,4.114622116088867,33.400001525878906,1.0,1,5000000.0,0,0,2,5000000.0,0.0,CW5,0.5649999976158142,,1.1299999952316284,,2.0,9.0,Linear
350,Griffin_r01,1605,252,1963,2016-10-19 17:00:00,4,22.700000762939453,4.521528244018555,35.70000076293945,1.0,1,5000000.0,0,0,2,5000000.0,0.0,CW5,0.5649999976158142,,1.1299999952316284,,2.0,9.0,Linear
352,Griffin_r01,1607,252,1963,2016-10-19 17:35:00,4,22.5,4.968675136566162,38.599998474121094,1.0,1,5000000.0,0,0,2,5000000.0,0.0,CW5,0.5649999976158142,,1.1299999952316284,,2.0,9.0,Linear
353,Griffin_r01,1608,252,1963,2016-10-19 18:12:00,4,22.399999618530273,5.460041046142578,43.099998474121094,1.0,1,5000000.0,0,0,2,5000000.0,0.0,CW5,0.5649999976158142,,1.1299999952316284,,2.0,9.0,Linear
355,Griffin_r01,1610,252,1963,2016-10-19 18:50:00,4,22.299999237060547,6.0,47.29999923706055,1.0,1,5000000.0,0,0,2,5000000.0,0.0,CW5,0.5649999976158142,,1.1299999952316284,,2.0,9.0,Linear
361,Griffin_r01,1618,246,1957,2016-10-20 12:26:00,4,22.600000381469727,4.114622116088867,39.0,1.0,1,2000000.0,0,0,2,2000000.0,0.0,CW2,0.6899999976158142,,1.3799999952316284,,2.0,10.0,Linear
362,Griffin_r01,1620,246,1957,2016-10-20 13:03:00,4,22.799999237060547,4.521528244018555,41.5,1.0,1,2000000.0,0,0,2,2000000.0,0.0,CW2,0.6899999976158142,,1.3799999952316284,,2.0,10.0,Linear
363,Griffin_r01,1621,246,1957,2016-10-20 13:41:00,4,23.0,4.968675136566162,44.0,1.0,1,2000000.0,0,0,2,2000000.0,0.0,CW2,0.6899999976158142,,1.3799999952316284,,2.0,10.0,Linear
364,Griffin_r01,1623,246,1957,2016-10-20 14:19:00,4,23.399999618530273,5.460041046142578,47.0,1.0,1,2000000.0,0,0,2,2000000.0,0.0,CW2,0.6899999976158142,,1.3799999952316284,,2.0,10.0,Linear
365,Griffin_r01,1625,246,1957,2016-10-20 14:59:00,4,23.899999618530273,6.0,50.0,1.0,1,2000000.0,0,0,2,2000000.0,0.0,CW2,0.6899999976158142,,1.3799999952316284,,2.0,10.0,Linear
586,Griffin_r01,2485,11014552,1586,2017-02-14 00:00:00,4,22.0,34.89980697631836,22.100000381469727,1.0,88,6153800.0,0,0,3,18059.5,0.0,VF16-5,0.01810000091791153,0.0,0.25999999046325684,,192.0,1.5,Linear
658,Griffin_r01,2604,11268279,2795,2017-01-16 00:00:00,4,21.100000381469727,34.89980697631836,31.399999618530273,1.0,100,13333330.0,0,1,2,20249.80078125,0.0,VF12-4,0.02669999934732914,0.0,0.699999988079071,,192.0,2.5,Linear
707,Griffin_r01,2667,11268279,2800,2017-01-16 00:00:00,4,21.5,34.89980697631836,35.0,1.0,100,4210500.0,0,0,3,18662.69921875,0.0,VF12-4,0.02669999934732914,0.0,0.699999988079071,,192.0,2.5,Linear
719,Griffin_r01,2680,11268279,2801,2017-01-16 00:00:00,4,21.299999237060547,34.89980697631836,34.20000076293945,1.0,100,5000000.0,0,0,3,18894.5,0.0,VF12-4,0.02669999934732914,0.0,0.699999988079071,,192.0,2.5,Linear
811,Griffin_r01,2827,11014543,977,2017-04-28 00:00:00,4,22.0,2.987517833709717,28.299999237060547,1.0,29,3636400.0,0,0,1,3636400.0,0.0,P8-4,0.014999999664723873,,0.800000011920929,,64.0,5.0,Phased
812,Griffin_r01,2829,11014543,977,2017-04-28 00:00:00,4,21.799999237060547,3.2136449813842773,30.5,1.0,29,3636400.0,0,0,1,3636400.0,0.0,P8-4,0.014999999664723873,,0.800000011920929,,64.0,5.0,Phased
813,Griffin_r01,2832,11014543,977,2017-04-28 00:00:00,4,21.799999237060547,3.4568874835968018,33.29999923706055,1.0,29,3636400.0,0,0,1,3636400.0,0.0,P8-4,0.014999999664723873,,0.800000011920929,,64.0,5.0,Phased
814,Griffin_r01,2833,11014543,977,2017-04-28 00:00:00,4,21.799999237060547,3.718541383743286,35.400001525878906,1.0,29,3636400.0,0,0,1,3636400.0,0.0,P8-4,0.014999999664723873,,0.800000011920929,,64.0,5.0,Phased
815,Griffin_r01,2835,11014543,977,2017-04-28 00:00:00,4,21.899999618530273,4.0,40.29999923706055,1.0,29,3636400.0,0,0,1,3636400.0,0.0,P8-4,0.014999999664723873,,0.800000011920929,,64.0,5.0,Phased
981,Griffin_r01,3163,10136142,2913,2017-04-04 00:00:00,4,22.0,34.89980697631836,31.299999237060547,1.0,78,4705900.0,0,1,3,19091.5,0.0,VF10-5,0.029999999329447746,0.0,0.5,,128.0,2.0,Linear
1055,Griffin_r01,3451,11370778,4497,2018-01-23 01:04:00,3,22.299999237060547,48.0,25.899999618530273,1.0,32,4210500.0,0,0,1,8741.259765625,4.947000026702881,LLX_old,0.01940000057220459,0.0,0.0,,256.0,1.600000023841858,Linear
1069,Griffin_r01,3474,11370778,4497,2018-01-23 17:23:00,3,22.200000762939453,48.0,25.299999237060547,1.0,128,4210500.0,0,0,1,1279.4300537109375,0.2788499891757965,LLX_old,0.01940000057220459,0.0,0.0,,256.0,1.600000023841858,Linear
1070,Griffin_r01,3475,11370778,4497,2018-01-23 17:59:00,3,22.299999237060547,48.0,25.600000381469727,1.0,128,4210500.0,0,0,1,1450.1199951171875,1.7660499811172485,LLX_old,0.01940000057220459,0.0,0.0,,256.0,1.600000023841858,Linear
1071,Griffin_r01,3476,11370778,4497,2018-01-23 18:36:00,3,22.399999618530273,48.0,25.799999237060547,1.0,128,4210500.0,0,0,1,1814.219970703125,3.501110076904297,LLX_old,0.01940000057220459,0.0,0.0,,256.0,1.600000023841858,Linear
1072,Griffin_r01,3477,11370778,4497,2018-01-23 19:15:00,3,22.5,48.0,25.899999618530273,1.0,128,4210500.0,0,0,1,2170.139892578125,4.947000026702881,LLX_old,0.01940000057220459,0.0,0.0,,256.0,1.600000023841858,Linear
1073,Griffin_r01,3478,11370778,4496,2018-01-24 15:11:00,3,22.600000381469727,48.0,25.899999618530273,1.0,32,8000000.0,0,1,2,3369.27001953125,0.2788499891757965,LLX_old,0.01940000057220459,0.0,0.0,,256.0,1.600000023841858,Linear
1074,Griffin_r01,3479,11370778,4496,2018-01-24 15:43:00,3,22.200000762939453,48.0,25.100000381469727,1.0,32,8000000.0,0,1,2,5274.259765625,1.7660499811172485,LLX_old,0.01940000057220459,0.0,0.0,,256.0,1.600000023841858,Linear
1075,Griffin_r01,3480,11370778,4496,2018-01-24 16:18:00,3,22.0,48.0,24.5,1.0,32,8000000.0,0,1,2,7022.47021484375,3.501110076904297,LLX_old,0.01940000057220459,0.0,0.0,,256.0,1.600000023841858,Linear
1076,Griffin_r01,3481,11370778,4496,2018-01-24 16:53:00,3,22.0,48.0,24.399999618530273,1.0,32,8000000.0,0,1,2,8445.9501953125,4.947000026702881,LLX_old,0.01940000057220459,0.0,0.0,,256.0,1.600000023841858,Linear
1077,Griffin_r01,3482,11370778,4496,2018-01-24 17:29:00,3,21.899999618530273,48.0,25.200000762939453,1.0,64,8000000.0,0,1,2,2336.449951171875,0.2788499891757965,LLX_old,0.01940000057220459,0.0,0.0,,256.0,1.600000023841858,Linear
1078,Griffin_r01,3483,11370778,4496,2018-01-24 18:02:00,3,21.899999618530273,48.0,24.799999237060547,1.0,64,8000000.0,0,1,2,3351.2099609375,1.7660499811172485,LLX_old,0.01940000057220459,0.0,0.0,,256.0,1.600000023841858,Linear
1079,Griffin_r01,3484,11370778,4496,2018-01-24 18:35:00,3,21.799999237060547,48.0,24.5,1.0,64,8000000.0,0,1,2,4480.2900390625,3.501110076904297,LLX_old,0.01940000057220459,0.0,0.0,,256.0,1.600000023841858,Linear
1080,Griffin_r01,3485,11370778,4496,2018-01-24 19:12:00,3,21.799999237060547,48.0,24.5,1.0,64,8000000.0,0,1,2,5364.81005859375,4.947000026702881,LLX_old,0.01940000057220459,0.0,0.0,,256.0,1.600000023841858,Linear
1081,Griffin_r01,3486,11370778,4496,2018-01-24 19:49:00,3,21.700000762939453,48.0,24.899999618530273,1.0,96,8000000.0,0,1,2,1798.56005859375,0.2788499891757965,LLX_old,0.01940000057220459,0.0,0.0,,256.0,1.600000023841858,Linear
1082,Griffin_r01,3487,11370778,4496,2018-01-24 20:21:00,3,21.799999237060547,48.0,24.5,1.0,96,8000000.0,0,1,2,2133.110107421875,1.7660499811172485,LLX_old,0.01940000057220459,0.0,0.0,,256.0,1.600000023841858,Linear
1083,Griffin_r01,3488,11370778,4496,2018-01-24 20:54:00,3,21.899999618530273,48.0,24.399999618530273,1.0,96,8000000.0,0,1,2,2847.3798828125,3.501110076904297,LLX_old,0.01940000057220459,0.0,0.0,,256.0,1.600000023841858,Linear
1084,Griffin_r01,3489,11370778,4496,2018-01-24 21:29:00,3,21.899999618530273,48.0,24.5,1.0,96,8000000.0,0,1,2,3415.300048828125,4.947000026702881,LLX_old,0.01940000057220459,0.0,0.0,,256.0,1.600000023841858,Linear
1085,Griffin_r01,3490,11370778,4496,2018-01-24 22:05:00,3,21.899999618530273,48.0,24.5,1.0,128,8000000.0,0,1,2,1279.4300537109375,0.2788499891757965,LLX_old,0.01940000057220459,0.0,0.0,,256.0,1.600000023841858,Linear
1086,Griffin_r01,3491,11370778,4496,2018-01-24 22:38:00,3,21.899999618530273,48.0,24.299999237060547,1.0,128,8000000.0,0,1,2,1450.1199951171875,1.7660499811172485,LLX_old,0.01940000057220459,0.0,0.0,,256.0,1.600000023841858,Linear
1087,Griffin_r01,3492,11370778,4496,2018-01-24 23:10:00,3,22.0,48.0,24.200000762939453,1.0,128,8000000.0,0,1,2,1814.219970703125,3.501110076904297,LLX_old,0.01940000057220459,0.0,0.0,,256.0,1.600000023841858,Linear
1088,Griffin_r01,3493,11370778,4496,2018-01-24 23:44:00,3,22.0,48.0,24.200000762939453,1.0,128,8000000.0,0,1,2,2170.139892578125,4.947000026702881,LLX_old,0.01940000057220459,0.0,0.0,,256.0,1.600000023841858,Linear
1091,Griffin_r01,3547,11014543,9770,2017-06-05 18:24:00,4,22.299999237060547,2.990000009536743,34.400001525878906,1.0,29,3636400.0,0,0,1,3636400.0,0.0,P8-4,0.014999999664723873,,0.800000011920929,,64.0,5.0,Phased
1092,Griffin_r01,3549,11014543,9770,2017-06-05 19:05:00,4,22.700000762939453,3.2100000381469727,41.0,1.0,29,3636400.0,0,0,1,3636400.0,0.0,P8-4,0.014999999664723873,,0.800000011920929,,64.0,5.0,Phased
1093,Griffin_r01,3552,11014543,9770,2017-06-05 20:24:00,4,22.200000762939453,2.690000057220459,30.5,1.0,29,3636400.0,0,0,1,3636400.0,0.0,P8-4,0.014999999664723873,,0.800000011920929,,64.0,5.0,Phased
1094,Griffin_r01,3555,11014543,977,2017-06-05 21:21:00,4,22.200000762939453,2.690000057220459,30.399999618530273,1.0,29,3636400.0,0,0,1,3636400.0,0.0,P8-4,0.014999999664723873,,0.800000011920929,,64.0,5.0,Phased
1095,Griffin_r01,3557,11014543,977,2017-06-05 22:00:00,4,22.100000381469727,2.869999885559082,32.79999923706055,1.0,29,3636400.0,0,0,1,3636400.0,0.0,P8-4,0.014999999664723873,,0.800000011920929,,64.0,5.0,Phased
1096,Griffin_r01,3559,11014543,977,2017-06-05 22:40:00,4,22.399999618530273,3.069999933242798,36.5,1.0,29,3636400.0,0,0,1,3636400.0,0.0,P8-4,0.014999999664723873,,0.800000011920929,,64.0,5.0,Phased
1097,Griffin_r01,3563,11014543,977,2017-06-05 23:23:00,4,22.299999237060547,3.5,50.599998474121094,1.0,29,3636400.0,0,0,1,3636400.0,0.0,P8-4,0.014999999664723873,,0.800000011920929,,64.0,5.0,Phased
1098,Griffin_r01,3567,11014543,977,2017-06-06 01:53:00,4,22.399999618530273,2.380000114440918,27.200000762939453,1.0,29,3636400.0,0,0,1,3636400.0,0.0,P8-4,0.014999999664723873,,0.800000011920929,,64.0,5.0,Phased
1099,Griffin_r01,3569,11014543,977,2017-06-06 02:27:00,4,22.399999618530273,2.5199999809265137,28.299999237060547,1.0,29,3636400.0,0,0,1,3636400.0,0.0,P8-4,0.014999999664723873,,0.800000011920929,,64.0,5.0,Phased
1100,Griffin_r01,3571,11014543,977,2017-06-06 03:03:00,4,22.399999618530273,2.6700000762939453,30.5,1.0,29,3636400.0,0,0,1,3636400.0,0.0,P8-4,0.014999999664723873,,0.800000011920929,,64.0,5.0,Phased
1101,Griffin_r01,3572,11014543,977,2017-06-06 03:40:00,4,22.5,2.8299999237060547,33.099998474121094,1.0,29,3636400.0,0,0,1,3636400.0,0.0,P8-4,0.014999999664723873,,0.800000011920929,,64.0,5.0,Phased
1102,Griffin_r01,3574,11014543,977,2017-06-06 04:21:00,4,22.399999618530273,3.0,36.29999923706055,1.0,29,3636400.0,0,0,1,3636400.0,0.0,P8-4,0.014999999664723873,,0.800000011920929,,64.0,5.0,Phased
1103,Griffin_r01,3593,11014543,4538,2017-06-05 23:23:00,4,21.899999618530273,3.7300000190734863,57.400001525878906,1.0,29,3636400.0,0,0,1,3636400.0,0.0,P8-4,0.014999999664723873,,0.800000011920929,,64.0,5.0,Phased
1104,Griffin_r01,3594,11014543,4538,2017-06-08 15:16:00,4,22.200000762939453,3.7300000190734863,57.400001525878906,1.0,29,3636400.0,0,0,1,3636400.0,0.0,P8-4,0.014999999664723873,,0.800000011920929,,64.0,5.0,Phased
1205,Griffin_r01,4249,10136142,4615,2018-10-10 19:11:00,3,21.600000381469727,61.599998474121094,24.100000381469727,1.0,8,8000000.0,0,1,2,3810.97998046875,0.11555299907922745,VF10-5,0.029999999329447746,0.0,0.5,,128.0,2.0,Linear
1206,Griffin_r01,4251,10136142,4615,2018-10-10 19:43:00,3,21.600000381469727,61.599998474121094,25.200000762939453,1.0,8,8000000.0,0,1,2,5952.3798828125,0.20799599587917328,VF10-5,0.029999999329447746,0.0,0.5,,128.0,2.0,Linear
1207,Griffin_r01,4254,10136142,4615,2018-10-10 20:15:00,3,21.600000381469727,61.599998474121094,25.100000381469727,1.0,20,8000000.0,0,1,2,2620.550048828125,0.11555299907922745,VF10-5,0.029999999329447746,0.0,0.5,,128.0,2.0,Linear
1209,Griffin_r01,4259,10136142,4615,2018-10-10 21:21:00,3,21.799999237060547,61.599998474121094,25.899999618530273,1.0,39,8000000.0,0,1,2,2006.4200439453125,0.11555299907922745,VF10-5,0.029999999329447746,0.0,0.5,,128.0,2.0,Linear
1211,Griffin_r01,4264,10136142,4615,2018-10-10 22:33:00,3,21.799999237060547,61.599998474121094,25.399999618530273,1.0,58,8000000.0,0,1,2,1418.8399658203125,0.11555299907922745,VF10-5,0.029999999329447746,0.0,0.5,,128.0,2.0,Linear
1212,Griffin_r01,4266,10136142,4615,2018-10-10 23:08:00,3,21.700000762939453,61.599998474121094,25.799999237060547,1.0,58,8000000.0,0,1,2,1608.75,0.20799599587917328,VF10-5,0.029999999329447746,0.0,0.5,,128.0,2.0,Linear
1225,Griffin_r01,4396,10136142,4615,2018-10-11 20:18:00,3,21.700000762939453,61.599998474121094,24.0,1.0,8,8000000.0,0,1,2,3753.75,0.20799599587917328,VF10-5,0.029999999329447746,0.0,0.5,,128.0,2.0,Linear
1226,Griffin_r01,4398,10136142,4615,2018-10-11 20:50:00,3,21.899999618530273,61.599998474121094,23.5,1.0,8,8000000.0,0,1,2,5868.5400390625,1.3173099756240845,VF10-5,0.029999999329447746,0.0,0.5,,128.0,2.0,Linear
1227,Griffin_r01,4399,10136142,4615,2018-10-11 21:22:00,3,22.0,61.599998474121094,23.600000381469727,1.0,8,8000000.0,0,1,2,7812.5,2.5806899070739746,VF10-5,0.029999999329447746,0.0,0.5,,128.0,2.0,Linear
1228,Griffin_r01,4401,10136142,4615,2018-10-11 21:54:00,3,21.899999618530273,61.599998474121094,23.799999237060547,1.0,8,8000000.0,0,1,2,9398.5,3.690000057220459,VF10-5,0.029999999329447746,0.0,0.5,,128.0,2.0,Linear
1373,Griffin_r01,5264,11370949,5147,2019-01-17 00:00:00,3,21.600000381469727,61.599998474121094,24.100000381469727,2.0,6,5000000.0,0,0,2,749.8499755859375,0.0007392760016955435,5VT,0.014800000004470348,0.0,0.6000000238418579,,64.0,5.5,Phased
1374,Griffin_r01,5265,11370949,5147,2019-01-17 00:00:00,3,21.5,61.599998474121094,24.299999237060547,2.0,6,5000000.0,0,0,2,899.9299926757812,0.000895234989002347,5VT,0.014800000004470348,0.0,0.6000000238418579,,64.0,5.5,Phased
1406,Griffin_r01,5305,112,4559,2019-01-29 06:19:00,3,21.0,52.0,25.600000381469727,2.0,13,2222200.0,0,1,1,5813.9501953125,4.075540065765381,WAX,0.04490000009536743,4.619999885559082,1.0,,128.0,4.5,Convex
1407,Griffin_r01,5306,112,4559,2019-01-29 07:08:00,3,20.700000762939453,52.0,24.799999237060547,2.0,13,2222200.0,0,1,1,5813.9501953125,5.828460216522217,WAX,0.04490000009536743,4.619999885559082,1.0,,128.0,4.5,Convex
1441,Griffin_r01,5348,112,4559,2019-01-31 03:49:00,3,20.200000762939453,52.0,24.899999618530273,2.0,13,2222200.0,0,1,1,5813.9501953125,4.075540065765381,WAX,0.04490000009536743,4.619999885559082,1.0,,128.0,4.5,Convex
1442,Griffin_r01,5349,112,4559,2019-01-31 04:37:00,3,20.200000762939453,52.0,24.299999237060547,2.0,13,2222200.0,0,1,1,5813.9501953125,5.828460216522217,WAX,0.04490000009536743,4.619999885559082,1.0,,128.0,4.5,Convex
1477,Griffin_r01,5470,11361589,5632,2019-05-28 01:03:00,3,23.100000381469727,74.0,25.600000381469727,1.0,10,8000000.0,0,1,2,6476.68017578125,1.3531700372695923,13L4,0.019999999552965164,0.0,0.44999998807907104,,192.0,2.200000047683716,Linear
1478,Griffin_r01,5471,11361589,5632,2019-05-28 01:36:00,3,22.899999618530273,74.0,25.399999618530273,1.0,10,8000000.0,0,1,2,7812.5,2.6943600177764893,13L4,0.019999999552965164,0.0,0.44999998807907104,,192.0,2.200000047683716,Linear
1479,Griffin_r01,5472,11361589,5632,2019-05-28 02:11:00,3,23.100000381469727,74.0,25.600000381469727,1.0,10,8000000.0,0,1,2,9765.6201171875,3.819999933242798,13L4,0.019999999552965164,0.0,0.44999998807907104,,192.0,2.200000047683716,Linear
1495,Griffin_r01,5488,11361589,5632,2019-05-28 12:08:00,3,22.600000381469727,74.0,25.899999618530273,1.0,100,8000000.0,0,1,2,812.739990234375,0.10777399688959122,13L4,0.019999999552965164,0.0,0.44999998807907104,,192.0,2.200000047683716,Linear
1498,Griffin_r01,5491,11361589,5632,2019-05-28 13:58:00,3,21.100000381469727,74.0,24.799999237060547,1.0,100,8000000.0,0,1,2,1299.3800048828125,2.6943600177764893,13L4,0.019999999552965164,0.0,0.44999998807907104,,192.0,2.200000047683716,Linear
1499,Griffin_r01,5492,11361589,5632,2019-05-28 14:38:00,3,20.899999618530273,74.0,24.700000762939453,1.0,100,8000000.0,0,1,2,1625.489990234375,3.819999933242798,13L4,0.019999999552965164,0.0,0.44999998807907104,,192.0,2.200000047683716,Linear
1530,Griffin_r01,5780,11370949,5967,2019-12-18 00:00:00,4,21.700000762939453,2.930000066757202,26.700000762939453,1.0,29,3333300.0,0,0,1,3333300.0,0.0,5VT,0.014800000004470348,0.0,0.6000000238418579,,64.0,5.5,Phased
1531,Griffin_r01,5781,11370949,5967,2019-12-18 00:00:00,4,21.399999618530273,3.259999990463257,28.0,1.0,29,3333300.0,0,0,1,3333300.0,0.0,5VT,0.014800000004470348,0.0,0.6000000238418579,,64.0,5.5,Phased
1532,Griffin_r01,5782,11370949,5967,2019-12-18 00:00:00,4,21.200000762939453,3.630000114440918,30.799999237060547,1.0,29,3333300.0,0,0,1,3333300.0,0.0,5VT,0.014800000004470348,0.0,0.6000000238418579,,64.0,5.5,Phased
1533,Griffin_r01,5783,11370949,5967,2019-12-18 00:00:00,4,21.299999237060547,4.039999961853027,35.29999923706055,1.0,29,3333300.0,0,0,1,3333300.0,0.0,5VT,0.014800000004470348,0.0,0.6000000238418579,,64.0,5.5,Phased
1534,Griffin_r01,5784,11370949,5967,2019-12-18 00:00:00,4,21.299999237060547,4.5,39.900001525878906,1.0,29,3333300.0,0,0,1,3333300.0,0.0,5VT,0.014800000004470348,0.0,0.6000000238418579,,64.0,5.5,Phased
1536,Griffin_r01,5787,250,5999,2019-08-06 11:40:00,4,22.100000381469727,2.450000047683716,27.100000381469727,1.0,1,8000000.0,0,0,2,8000000.0,0.0,CW8,0.24799999594688416,0.0,0.5,,2.0,2.0,Linear
1537,Griffin_r01,5788,250,5999,2019-08-06 12:12:00,4,22.100000381469727,2.680000066757202,29.799999237060547,1.0,1,8000000.0,0,0,2,8000000.0,0.0,CW8,0.24799999594688416,0.0,0.5,,2.0,2.0,Linear
1538,Griffin_r01,5789,250,5999,2019-08-06 12:44:00,4,22.100000381469727,2.930000066757202,33.099998474121094,1.0,1,8000000.0,0,0,2,8000000.0,0.0,CW8,0.24799999594688416,0.0,0.5,,2.0,2.0,Linear
1539,Griffin_r01,5790,250,5999,2019-08-06 13:17:00,4,22.100000381469727,3.200000047683716,37.20000076293945,1.0,1,8000000.0,0,0,2,8000000.0,0.0,CW8,0.24799999594688416,0.0,0.5,,2.0,2.0,Linear
1540,Griffin_r01,5791,250,5999,2019-08-06 13:51:00,4,22.100000381469727,3.5,42.099998474121094,1.0,1,8000000.0,0,0,2,8000000.0,0.0,CW8,0.24799999594688416,0.0,0.5,,2.0,2.0,Linear
1587,Griffin_r01,5979,11319697,6299,2019-10-24 14:09:00,4,22.5,2.990000009536743,29.200000762939453,1.0,60,5000000.0,0,0,1,5000000.0,0.0,10V4,0.010200000368058681,0.0,0.800000011920929,,128.0,3.5,Phased
1588,Griffin_r01,5980,11319697,6299,2019-10-24 14:47:00,4,22.700000762939453,3.2100000381469727,32.29999923706055,1.0,60,5000000.0,0,0,1,5000000.0,0.0,10V4,0.010200000368058681,0.0,0.800000011920929,,128.0,3.5,Phased
1589,Griffin_r01,5981,11319697,6299,2019-10-24 15:27:00,4,22.700000762939453,3.4600000381469727,35.599998474121094,1.0,60,5000000.0,0,0,1,5000000.0,0.0,10V4,0.010200000368058681,0.0,0.800000011920929,,128.0,3.5,Phased
1590,Griffin_r01,5982,11319697,6299,2019-10-24 16:09:00,4,22.799999237060547,3.7200000286102295,38.29999923706055,1.0,60,5000000.0,0,0,1,5000000.0,0.0,10V4,0.010200000368058681,0.0,0.800000011920929,,128.0,3.5,Phased
1591,Griffin_r01,5983,11319697,6299,2019-10-24 16:52:00,4,22.799999237060547,4.0,44.900001525878906,1.0,60,5000000.0,0,0,1,5000000.0,0.0,10V4,0.010200000368058681,0.0,0.800000011920929,,128.0,3.5,Phased
1592,Griffin_r01,5985,11014543,6310,2019-10-25 18:26:00,4,21.899999618530273,2.809999942779541,29.299999237060547,1.0,29,4000000.0,0,0,1,4000000.0,0.0,P8-4,0.014999999664723873,,0.800000011920929,,64.0,5.0,Phased
1593,Griffin_r01,5986,11014543,6310,2019-10-25 19:05:00,4,22.100000381469727,3.009999990463257,33.79999923706055,1.0,29,4000000.0,0,0,1,4000000.0,0.0,P8-4,0.014999999664723873,,0.800000011920929,,64.0,5.0,Phased
1594,Griffin_r01,5987,11014543,6310,2019-10-25 19:47:00,4,22.100000381469727,3.2200000286102295,38.70000076293945,1.0,29,4000000.0,0,0,1,4000000.0,0.0,P8-4,0.014999999664723873,,0.800000011920929,,64.0,5.0,Phased
1595,Griffin_r01,5988,11014543,6310,2019-10-25 20:31:00,4,22.0,3.450000047683716,42.5,1.0,29,4000000.0,0,0,1,4000000.0,0.0,P8-4,0.014999999664723873,,0.800000011920929,,64.0,5.0,Phased
1596,Griffin_r01,5989,11014543,6310,2019-10-25 21:17:00,4,22.100000381469727,3.700000047683716,46.900001525878906,1.0,29,4000000.0,0,0,1,4000000.0,0.0,P8-4,0.014999999664723873,,0.800000011920929,,64.0,5.0,Phased
1602,Griffin_r01,5997,11284920,1950,2019-11-06 14:13:00,3,22.600000381469727,61.599998474121094,24.899999618530273,4.0,6,4000000.0,0,0,1,479.8500061035156,0.08536320179700851,EC9-4w,0.01600000075995922,1.0839999914169312,1.0,,192.0,2.0999999046325684,Curved
1642,Griffin_r01,6058,11014154,6366,2019-11-14 00:00:00,3,21.399999618530273,45.0,23.299999237060547,2.0,10,1538500.0,0,1,1,899.9299926757812,0.0012510799570009112,M3PA,0.023000000044703484,0.0,1.350000023841858,,96.0,7.0,Phased
1644,Griffin_r01,6060,11014154,6366,2019-11-14 00:00:00,3,22.200000762939453,45.0,25.299999237060547,2.0,24,1538500.0,0,1,1,899.9299926757812,0.0012510799570009112,M3PA,0.023000000044703484,0.0,1.350000023841858,,96.0,7.0,Phased
1842,Griffin_r01,7016,11503732,7585,2021-04-29 22:11:00,3,22.100000381469727,47.31999969482422,25.600000381469727,1.5,8,4705900.0,0,1,2,3993.610107421875,0.1742600053548813,LLX,0.019999999552965164,0.0,0.4000000059604645,,256.0,2.0,Linear
1844,Griffin_r01,7018,11503732,7585,2021-04-29 22:11:00,3,22.700000762939453,47.31999969482422,25.899999618530273,1.5,8,4705900.0,0,1,2,9057.9697265625,1.8006800413131714,LLX,0.019999999552965164,0.0,0.4000000059604645,,256.0,2.0,Linear
1845,Griffin_r01,7019,11503732,7585,2021-04-29 22:11:00,3,22.700000762939453,47.31999969482422,25.700000762939453,1.5,8,4705900.0,0,1,2,10775.900390625,3.6129798889160156,LLX,0.019999999552965164,0.0,0.4000000059604645,,256.0,2.0,Linear
1846,Griffin_r01,7020,11503732,7585,2021-04-29 22:11:00,3,22.600000381469727,47.31999969482422,25.399999618530273,1.5,8,4705900.0,0,1,2,10869.599609375,5.099999904632568,LLX,0.019999999552965164,0.0,0.4000000059604645,,256.0,2.0,Linear
1921,Griffin_r01,7353,11575446,7914,2021-10-04 17:13:00,3,22.700000762939453,49.869998931884766,25.5,1.5,5,3076900.0,0,0,2,9259.259765625,6.283380031585693,3CEX,0.048700001090765,6.1057000160217285,1.2999999523162842,,128.0,6.0,Convex
2207,Griffin_r01,8146,10136143,8477,2022-05-11 15:55:00,4,22.600000381469727,4.110000133514404,29.5,1.0,29,2000000.0,0,0,4,2000000.0,0.0,P4-2,0.026000000536441803,0.0,1.350000023841858,,64.0,7.0,Phased
2208,Griffin_r01,8147,10136143,8477,2022-05-11 16:37:00,4,22.799999237060547,4.519999980926514,31.399999618530273,1.0,29,2000000.0,0,0,4,2000000.0,0.0,P4-2,0.026000000536441803,0.0,1.350000023841858,,64.0,7.0,Phased
2209,Griffin_r01,8148,10136143,8477,2022-05-11 17:23:00,4,22.799999237060547,4.96999979019165,34.70000076293945,1.0,29,2000000.0,0,0,4,2000000.0,0.0,P4-2,0.026000000536441803,0.0,1.350000023841858,,64.0,7.0,Phased
2210,Griffin_r01,8149,10136143,8477,2022-05-11 18:12:00,4,22.600000381469727,5.460000038146973,46.20000076293945,1.0,29,2000000.0,0,0,4,2000000.0,0.0,P4-2,0.026000000536441803,0.0,1.350000023841858,,64.0,7.0,Phased
2211,Griffin_r01,8150,10136143,8477,2022-05-11 19:12:00,4,22.700000762939453,6.0,54.900001525878906,1.0,29,2000000.0,0,0,4,2000000.0,0.0,P4-2,0.026000000536441803,0.0,1.350000023841858,,64.0,7.0,Phased
2212,Griffin_r01,8152,10136143,8497,2022-05-17 09:22:00,4,22.700000762939453,3.559999942779541,26.899999618530273,1.0,29,2000000.0,0,0,4,2000000.0,0.0,P4-2,0.026000000536441803,0.0,1.350000023841858,,64.0,7.0,Phased
2213,Griffin_r01,8153,10136143,8497,2022-05-17 09:22:00,4,22.600000381469727,3.880000114440918,28.200000762939453,1.0,29,2000000.0,0,0,4,2000000.0,0.0,P4-2,0.026000000536441803,0.0,1.350000023841858,,64.0,7.0,Phased
2214,Griffin_r01,8154,10136143,8497,2022-05-17 09:22:00,4,22.600000381469727,4.21999979019165,29.899999618530273,1.0,29,2000000.0,0,0,4,2000000.0,0.0,P4-2,0.026000000536441803,0.0,1.350000023841858,,64.0,7.0,Phased
2215,Griffin_r01,8155,10136143,8497,2022-05-17 09:22:00,4,22.700000762939453,4.590000152587891,32.0,1.0,29,2000000.0,0,0,4,2000000.0,0.0,P4-2,0.026000000536441803,0.0,1.350000023841858,,64.0,7.0,Phased
2216,Griffin_r01,8156,10136143,8497,2022-05-17 09:22:00,4,22.700000762939453,5.0,35.29999923706055,1.0,29,2000000.0,0,0,4,2000000.0,0.0,P4-2,0.026000000536441803,0.0,1.350000023841858,,64.0,7.0,Phased
2397,Griffin_r01,8389,10136143,8549,2022-08-25 11:36:00,4,22.299999237060547,3.559999942779541,27.100000381469727,1.0,32,1818200.0,0,0,4,1818200.0,0.0,P4-2,0.026000000536441803,0.0,1.350000023841858,,64.0,7.0,Phased
2398,Griffin_r01,8390,10136143,8549,2022-08-25 12:18:00,4,22.299999237060547,3.880000114440918,28.100000381469727,1.0,32,1818200.0,0,0,4,1818200.0,0.0,P4-2,0.026000000536441803,0.0,1.350000023841858,,64.0,7.0,Phased
2399,Griffin_r01,8391,10136143,8549,2022-08-25 13:01:00,4,22.399999618530273,4.21999979019165,30.299999237060547,1.0,32,1818200.0,0,0,4,1818200.0,0.0,P4-2,0.026000000536441803,0.0,1.350000023841858,,64.0,7.0,Phased
2400,Griffin_r01,8392,10136143,8549,2022-08-25 13:48:00,4,22.299999237060547,4.590000152587891,33.099998474121094,1.0,32,1818200.0,0,0,4,1818200.0,0.0,P4-2,0.026000000536441803,0.0,1.350000023841858,,64.0,7.0,Phased
2401,Griffin_r01,8393,10136143,8549,2022-08-25 14:42:00,4,22.200000762939453,5.0,37.599998474121094,1.0,32,1818200.0,0,0,4,1818200.0,0.0,P4-2,0.026000000536441803,0.0,1.350000023841858,,64.0,7.0,Phased
0,Frosk_r03,660,656,792,2016-05-17 16:11:00,4,24.399999618530273,7.1118927001953125,26.399999618530273,10.0,16,5000000.0,0,0,0,5000000.0,0.0,8F,0.010999999940395355,,0.20000000298023224,,64.0,1.0,AcuNav_Phased
1,Frosk_r03,661,656,792,2016-05-17 16:42:00,4,24.100000381469727,8.105582237243652,27.399999618530273,10.0,16,5000000.0,0,0,0,5000000.0,0.0,8F,0.010999999940395355,,0.20000000298023224,,64.0,1.0,AcuNav_Phased
2,Frosk_r03,662,656,792,2016-05-17 17:15:00,4,23.899999618530273,9.23811149597168,28.799999237060547,10.0,16,5000000.0,0,0,0,5000000.0,0.0,8F,0.010999999940395355,,0.20000000298023224,,64.0,1.0,AcuNav_Phased
3,Frosk_r03,663,656,792,2016-05-17 17:47:00,4,24.100000381469727,10.528881072998047,30.5,10.0,16,5000000.0,0,0,0,5000000.0,0.0,8F,0.010999999940395355,,0.20000000298023224,,64.0,1.0,AcuNav_Phased
4,Frosk_r03,664,656,792,2016-05-17 18:21:00,4,24.299999237060547,12.0,33.20000076293945,10.0,16,5000000.0,0,0,0,5000000.0,0.0,8F,0.010999999940395355,,0.20000000298023224,,64.0,1.0,AcuNav_Phased
46,Frosk_r03,1038,11319682,973,2016-07-20 09:42:00,4,22.299999237060547,31.8009033203125,38.5,1.5,64,3636400.0,0,0,1,30439.0,0.0,L10-5v,0.029999999329447746,0.0,0.5,,128.0,1.7999999523162842,Linear
47,Frosk_r03,1039,11319682,973,2016-07-20 10:39:00,4,22.399999618530273,40.04996109008789,38.400001525878906,1.5,64,3636400.0,0,0,1,18166.0,0.0,L10-5v,0.029999999329447746,0.0,0.5,,128.0,1.7999999523162842,Linear
51,Frosk_r03,1044,11319682,974,2016-07-20 15:38:00,4,23.799999237060547,31.8009033203125,38.599998474121094,1.5,64,4000000.0,0,0,1,26841.69921875,0.0,L10-5v,0.029999999329447746,0.0,0.5,,128.0,1.7999999523162842,Linear
56,Frosk_r03,1056,252,976,2016-09-26 15:08:00,4,21.899999618530273,6.158482074737549,24.426856994628906,1.0,1,5000000.0,0,0,1,5000000.0,0.0,CW5,0.4440000057220459,,1.1299999952316284,,2.0,4.5,Linear
57,Frosk_r03,1057,252,976,2016-09-26 15:08:00,4,21.799999237060547,6.95192813873291,26.383426666259766,1.0,1,5000000.0,0,0,1,5000000.0,0.0,CW5,0.4440000057220459,,1.1299999952316284,,2.0,4.5,Linear
58,Frosk_r03,1058,252,976,2016-09-26 15:08:00,4,21.799999237060547,7.847599506378174,28.803787231445312,1.0,1,5000000.0,0,0,1,5000000.0,0.0,CW5,0.4440000057220459,,1.1299999952316284,,2.0,4.5,Linear
59,Frosk_r03,1059,252,976,2016-09-26 15:08:00,4,21.799999237060547,8.858668327331543,31.946706771850586,1.0,1,5000000.0,0,0,1,5000000.0,0.0,CW5,0.4440000057220459,,1.1299999952316284,,2.0,4.5,Linear
60,Frosk_r03,1060,252,976,2016-09-26 15:08:00,4,22.0,10.0,36.96891403198242,1.0,1,5000000.0,0,0,1,5000000.0,0.0,CW5,0.4440000057220459,,1.1299999952316284,,2.0,4.5,Linear
61,Frosk_r03,1062,246,981,2016-09-26 14:41:00,4,21.799999237060547,6.158482074737549,23.87202262878418,1.0,1,2000000.0,0,0,1,2000000.0,0.0,CW2,0.5419999957084656,,1.3799999952316284,,2.0,10.0,Linear
62,Frosk_r03,1063,246,981,2016-09-26 14:41:00,4,21.799999237060547,6.95192813873291,25.542936325073242,1.0,1,2000000.0,0,0,1,2000000.0,0.0,CW2,0.5419999957084656,,1.3799999952316284,,2.0,10.0,Linear
63,Frosk_r03,1064,246,981,2016-09-26 14:41:00,4,21.799999237060547,7.847599506378174,27.75522232055664,1.0,1,2000000.0,0,0,1,2000000.0,0.0,CW2,0.5419999957084656,,1.3799999952316284,,2.0,10.0,Linear
64,Frosk_r03,1065,246,981,2016-09-26 14:41:00,4,21.899999618530273,8.858668327331543,30.165700912475586,1.0,1,2000000.0,0,0,1,2000000.0,0.0,CW2,0.5419999957084656,,1.3799999952316284,,2.0,10.0,Linear
65,Frosk_r03,1066,246,981,2016-09-26 14:41:00,4,21.899999618530273,10.0,32.855140686035156,1.0,1,2000000.0,0,0,1,2000000.0,0.0,CW2,0.5419999957084656,,1.3799999952316284,,2.0,10.0,Linear
283,Frosk_r03,1586,11284923,1570,2020-10-23 19:01:00,3,20.799999237060547,50.439998626708984,25.0,4.0,5,3636400.0,0,0,4,6410.259765625,0.9633690118789673,11M3,0.020999999716877937,1.4800000190734863,0.5,,128.0,1.899999976158142,Convex
284,Frosk_r03,1587,11284923,1570,2020-10-23 19:01:00,3,21.100000381469727,50.439998626708984,24.200000762939453,4.0,5,3636400.0,0,0,4,7668.7099609375,1.9002200365066528,11M3,0.020999999716877937,1.4800000190734863,0.5,,128.0,1.899999976158142,Convex
285,Frosk_r03,1588,11284923,1570,2020-10-23 19:01:00,3,21.0,50.439998626708984,23.700000762939453,4.0,5,3636400.0,0,0,4,7716.0498046875,2.7133400440216064,11M3,0.020999999716877937,1.4800000190734863,0.5,,128.0,1.899999976158142,Convex
345,Frosk_r03,1853,11370949,1777,2020-04-09 10:47:00,3,23.299999237060547,42.779998779296875,25.600000381469727,4.0,6,3809500.0,0,0,4,2997.60009765625,0.0006264059920795262,5VT,0.014999999664723873,0.0,0.6000000238418579,,64.0,5.5,Phased
425,Frosk_r03,2024,151,1833,2020-05-11 05:08:00,3,22.200000762939453,50.439998626708984,25.799999237060547,4.0,6,2000000.0,0,0,4,2000.0,0.0006411270005628467,P4-2,0.026000000536441803,0.0,1.350000023841858,,64.0,7.0,Phased
435,Frosk_r03,2035,11370949,1915,2020-05-25 10:16:00,4,22.700000762939453,4.800000190734863,23.399999618530273,1.0,29,2857100.0,0,0,1,2857100.0,0.0,5VT,0.014999999664723873,0.0,0.6000000238418579,,64.0,5.5,Phased
436,Frosk_r03,2036,11370949,1915,2020-05-25 10:47:00,4,22.899999618530273,5.619999885559082,24.299999237060547,1.0,29,2857100.0,0,0,1,2857100.0,0.0,5VT,0.014999999664723873,0.0,0.6000000238418579,,64.0,5.5,Phased
437,Frosk_r03,2037,11370949,1915,2020-05-25 11:19:00,4,23.0,6.579999923706055,25.600000381469727,1.0,29,2857100.0,0,0,1,2857100.0,0.0,5VT,0.014999999664723873,0.0,0.6000000238418579,,64.0,5.5,Phased
438,Frosk_r03,2038,11370949,1915,2020-05-25 11:51:00,4,23.100000381469727,7.690000057220459,27.5,1.0,29,2857100.0,0,0,1,2857100.0,0.0,5VT,0.014999999664723873,0.0,0.6000000238418579,,64.0,5.5,Phased
439,Frosk_r03,2039,11370949,1915,2020-05-25 12:24:00,4,23.200000762939453,9.0,31.0,1.0,29,2857100.0,0,0,1,2857100.0,0.0,5VT,0.014999999664723873,0.0,0.6000000238418579,,64.0,5.5,Phased
440,Frosk_r03,2041,11370949,1916,2020-05-25 13:31:00,4,23.200000762939453,4.800000190734863,24.100000381469727,1.0,29,3333300.0,0,0,1,3333300.0,0.0,5VT,0.014999999664723873,0.0,0.6000000238418579,,64.0,5.5,Phased
441,Frosk_r03,2042,11370949,1916,2020-05-25 14:02:00,4,23.100000381469727,5.619999885559082,25.0,1.0,29,3333300.0,0,0,1,3333300.0,0.0,5VT,0.014999999664723873,0.0,0.6000000238418579,,64.0,5.5,Phased
442,Frosk_r03,2043,11370949,1916,2020-05-25 14:34:00,4,23.200000762939453,6.579999923706055,26.799999237060547,1.0,29,3333300.0,0,0,1,3333300.0,0.0,5VT,0.014999999664723873,0.0,0.6000000238418579,,64.0,5.5,Phased
443,Frosk_r03,2044,11370949,1916,2020-05-25 15:06:00,4,23.200000762939453,7.690000057220459,29.799999237060547,1.0,29,3333300.0,0,0,1,3333300.0,0.0,5VT,0.014999999664723873,0.0,0.6000000238418579,,64.0,5.5,Phased
444,Frosk_r03,2045,11370949,1916,2020-05-25 15:41:00,4,23.299999237060547,9.0,35.79999923706055,1.0,29,3333300.0,0,0,1,3333300.0,0.0,5VT,0.014999999664723873,0.0,0.6000000238418579,,64.0,5.5,Phased
445,Frosk_r03,2047,11370949,1917,2020-05-25 16:51:00,4,23.399999618530273,4.800000190734863,25.200000762939453,1.0,29,4000000.0,0,0,1,4000000.0,0.0,5VT,0.014999999664723873,0.0,0.6000000238418579,,64.0,5.5,Phased
446,Frosk_r03,2048,11370949,1917,2020-05-25 17:22:00,4,23.399999618530273,5.619999885559082,27.200000762939453,1.0,29,4000000.0,0,0,1,4000000.0,0.0,5VT,0.014999999664723873,0.0,0.6000000238418579,,64.0,5.5,Phased
447,Frosk_r03,2049,11370949,1917,2020-05-25 17:55:00,4,23.399999618530273,6.579999923706055,30.200000762939453,1.0,29,4000000.0,0,0,1,4000000.0,0.0,5VT,0.014999999664723873,0.0,0.6000000238418579,,64.0,5.5,Phased
448,Frosk_r03,2050,11370949,1917,2020-05-25 18:29:00,4,23.600000381469727,7.690000057220459,35.29999923706055,1.0,29,4000000.0,0,0,1,4000000.0,0.0,5VT,0.014999999664723873,0.0,0.6000000238418579,,64.0,5.5,Phased
449,Frosk_r03,2051,11370949,1917,2020-05-25 19:06:00,4,23.799999237060547,9.0,45.0,1.0,29,4000000.0,0,0,1,4000000.0,0.0,5VT,0.014999999664723873,0.0,0.6000000238418579,,64.0,5.5,Phased
450,Frosk_r03,2073,10136143,1945,2020-09-21 00:00:00,3,22.5,50.439998626708984,24.700000762939453,2.0,6,1538500.0,0,0,1,2997.60009765625,0.0013174900086596608,P4-2,0.026000000536441803,0.0,1.350000023841858,,64.0,7.0,Phased
460,Frosk_r03,2093,11284924,1654,2020-07-18 00:00:00,3,22.399999618530273,61.599998474121094,22.899999618530273,1.5,6,10000000.0,0,0,2,959.3200073242188,0.05023530125617981,18H5,0.014000000432133675,0.0,0.25999999046325684,,192.0,1.5,Linear
461,Frosk_r03,2094,11284924,1654,2020-07-18 00:00:00,3,22.399999618530273,61.599998474121094,23.299999237060547,1.5,6,10000000.0,0,0,2,1758.0899658203125,0.10047099739313126,18H5,0.014000000432133675,0.0,0.25999999046325684,,192.0,1.5,Linear
462,Frosk_r03,2096,11284924,1654,2020-07-18 00:00:00,3,22.5,61.599998474121094,25.100000381469727,1.5,6,10000000.0,0,0,2,10330.599609375,0.6430119872093201,18H5,0.014000000432133675,0.0,0.25999999046325684,,192.0,1.5,Linear
463,Frosk_r03,2098,11284924,1654,2020-07-18 00:00:00,3,22.200000762939453,61.599998474121094,24.700000762939453,1.5,6,10000000.0,0,0,2,12755.099609375,1.2659300565719604,18H5,0.014000000432133675,0.0,0.25999999046325684,,192.0,1.5,Linear
464,Frosk_r03,2100,11284924,1654,2020-07-18 00:00:00,3,22.299999237060547,61.599998474121094,24.799999237060547,1.5,6,10000000.0,0,0,2,16025.599609375,1.8084700107574463,18H5,0.014000000432133675,0.0,0.25999999046325684,,192.0,1.5,Linear
465,Frosk_r03,2102,11284924,1654,2020-07-18 00:00:00,3,22.100000381469727,61.599998474121094,23.200000762939453,1.5,16,10000000.0,0,0,2,959.3200073242188,0.05023530125617981,18H5,0.014000000432133675,0.0,0.25999999046325684,,192.0,1.5,Linear
466,Frosk_r03,2103,11284924,1654,2020-07-18 00:00:00,3,21.899999618530273,61.599998474121094,23.899999618530273,1.5,16,10000000.0,0,0,2,1758.0899658203125,0.10047099739313126,18H5,0.014000000432133675,0.0,0.25999999046325684,,192.0,1.5,Linear
468,Frosk_r03,2106,11284924,1654,2020-07-18 00:00:00,3,21.600000381469727,61.599998474121094,25.5,1.5,16,10000000.0,0,0,2,7961.77978515625,1.2659300565719604,18H5,0.014000000432133675,0.0,0.25999999046325684,,192.0,1.5,Linear
469,Frosk_r03,2108,11284924,1654,2020-07-18 00:00:00,3,21.5,61.599998474121094,25.5,1.5,16,10000000.0,0,0,2,10000.0,1.8084700107574463,18H5,0.014000000432133675,0.0,0.25999999046325684,,192.0,1.5,Linear
470,Frosk_r03,2110,11284924,1654,2020-07-18 00:36:00,3,21.299999237060547,61.599998474121094,23.0,1.5,32,10000000.0,0,0,2,959.3200073242188,0.05023530125617981,18H5,0.014000000432133675,0.0,0.25999999046325684,,192.0,1.5,Linear
471,Frosk_r03,2111,11284924,1654,2020-07-18 01:08:00,3,21.200000762939453,61.599998474121094,24.299999237060547,1.5,32,10000000.0,0,0,2,1758.0899658203125,0.10047099739313126,18H5,0.014000000432133675,0.0,0.25999999046325684,,192.0,1.5,Linear
475,Frosk_r03,2118,11284924,1654,2020-07-18 03:27:00,3,21.600000381469727,61.599998474121094,23.799999237060547,1.5,48,10000000.0,0,0,2,959.3200073242188,0.05023530125617981,18H5,0.014000000432133675,0.0,0.25999999046325684,,192.0,1.5,Linear
476,Frosk_r03,2119,11284924,1654,2020-07-18 03:58:00,3,21.399999618530273,61.599998474121094,25.399999618530273,1.5,48,10000000.0,0,0,2,1758.0899658203125,0.10047099739313126,18H5,0.014000000432133675,0.0,0.25999999046325684,,192.0,1.5,Linear
478,Frosk_r03,2121,11284924,1654,2020-07-18 05:05:00,3,21.399999618530273,61.599998474121094,25.799999237060547,1.5,48,10000000.0,0,0,2,3109.449951171875,1.2659300565719604,18H5,0.014000000432133675,0.0,0.25999999046325684,,192.0,1.5,Linear
480,Frosk_r03,2123,11284924,1654,2020-07-18 06:17:00,3,21.399999618530273,61.599998474121094,24.0,1.5,64,10000000.0,0,0,2,959.3200073242188,0.05023530125617981,18H5,0.014000000432133675,0.0,0.25999999046325684,,192.0,1.5,Linear
481,Frosk_r03,2124,11284924,1654,2020-07-18 06:49:00,3,21.399999618530273,61.599998474121094,25.100000381469727,1.5,64,10000000.0,0,0,2,1385.81005859375,0.10047099739313126,18H5,0.014000000432133675,0.0,0.25999999046325684,,192.0,1.5,Linear
482,Frosk_r03,2125,11284924,1654,2020-07-18 07:21:00,3,21.700000762939453,61.599998474121094,25.5,1.5,64,10000000.0,0,0,2,1617.0799560546875,0.6430119872093201,18H5,0.014000000432133675,0.0,0.25999999046325684,,192.0,1.5,Linear
483,Frosk_r03,2126,11284924,1654,2020-07-18 07:55:00,3,21.799999237060547,61.599998474121094,25.5,1.5,64,10000000.0,0,0,2,1940.989990234375,1.2659300565719604,18H5,0.014000000432133675,0.0,0.25999999046325684,,192.0,1.5,Linear
484,Frosk_r03,2127,11284924,1654,2020-07-18 08:29:00,3,21.799999237060547,61.599998474121094,25.799999237060547,1.5,64,10000000.0,0,0,2,2427.179931640625,1.8084700107574463,18H5,0.014000000432133675,0.0,0.25999999046325684,,192.0,1.5,Linear
615,Frosk_r03,2411,11284923,1570,2021-01-11 18:17:00,3,23.600000381469727,50.439998626708984,25.0,4.0,5,3636400.0,0,0,4,2000.0,0.08257649838924408,11M3,0.020999999716877937,1.4800000190734863,0.5,,128.0,1.899999976158142,Convex
618,Frosk_r03,2414,11284923,1570,2021-01-11 19:53:00,3,23.899999618530273,50.439998626708984,25.799999237060547,4.0,5,3636400.0,0,0,4,5580.35986328125,1.8992600440979004,11M3,0.020999999716877937,1.4800000190734863,0.5,,128.0,1.899999976158142,Convex
619,Frosk_r03,2415,11284923,1570,2021-01-11 20:24:00,3,23.899999618530273,50.439998626708984,25.399999618530273,4.0,5,3636400.0,0,0,4,5580.35986328125,2.725029945373535,11M3,0.020999999716877937,1.4800000190734863,0.5,,128.0,1.899999976158142,Convex
709,Frosk_r03,2527,231,2143,2021-01-28 19:38:00,3,22.899999618530273,50.439998626708984,23.600000381469727,4.0,6,6153800.0,0,0,4,2000.0,0.02738969959318638,P8,0.014600000344216824,,0.2199999988079071,,128.0,0.699999988079071,AcuNav_Phased
711,Frosk_r03,2529,231,2143,2021-01-28 20:42:00,3,22.899999618530273,50.439998626708984,25.200000762939453,4.0,16,6153800.0,0,0,4,2000.0,0.02738969959318638,P8,0.014600000344216824,,0.2199999988079071,,128.0,0.699999988079071,AcuNav_Phased
719,Frosk_r03,2537,231,2136,2021-01-29 10:48:00,3,23.299999237060547,50.439998626708984,24.0,2.0,6,6153800.0,0,0,2,2000.0,0.02738969959318638,P8,0.014600000344216824,,0.2199999988079071,,128.0,0.699999988079071,AcuNav_Phased
729,Frosk_r03,2547,231,2136,2021-03-19 14:25:00,3,23.299999237060547,50.439998626708984,24.100000381469727,2.0,6,6153800.0,0,0,2,2000.0,0.02738969959318638,P8,0.014600000344216824,,0.2199999988079071,,128.0,0.699999988079071,AcuNav_Phased
731,Frosk_r03,2549,231,2136,2021-03-19 14:25:00,3,23.600000381469727,50.439998626708984,25.700000762939453,2.0,16,6153800.0,0,0,2,2000.0,0.02738969959318638,P8,0.014600000344216824,,0.2199999988079071,,128.0,0.699999988079071,AcuNav_Phased
784,Frosk_r03,2615,231,2163,2021-03-19 14:25:00,4,21.600000381469727,4.41635799407959,22.700000762939453,1.0,29,5000000.0,0,0,1,5000000.0,0.0,P8,0.014600000344216824,,0.2199999988079071,,128.0,0.699999988079071,AcuNav_Phased
785,Frosk_r03,2616,231,2163,2021-03-19 14:25:00,4,21.899999618530273,5.123546600341797,24.200000762939453,1.0,29,5000000.0,0,0,1,5000000.0,0.0,P8,0.014600000344216824,,0.2199999988079071,,128.0,0.699999988079071,AcuNav_Phased
786,Frosk_r03,2617,231,2163,2021-03-19 14:25:00,4,21.899999618530273,5.943977355957031,26.399999618530273,1.0,29,5000000.0,0,0,1,5000000.0,0.0,P8,0.014600000344216824,,0.2199999988079071,,128.0,0.699999988079071,AcuNav_Phased
787,Frosk_r03,2618,231,2163,2021-03-19 14:25:00,4,22.0,6.895782470703125,30.200000762939453,1.0,29,5000000.0,0,0,1,5000000.0,0.0,P8,0.014600000344216824,,0.2199999988079071,,128.0,0.699999988079071,AcuNav_Phased
788,Frosk_r03,2619,231,2163,2021-03-19 14:25:00,4,22.200000762939453,8.0,35.20000076293945,1.0,29,5000000.0,0,0,1,5000000.0,0.0,P8,0.014600000344216824,,0.2199999988079071,,128.0,0.699999988079071,AcuNav_Phased
793,Frosk_r03,2630,150,2172,2021-06-30 15:22:00,4,0.0,31.799999237060547,0.0,4.0,64,3636400.0,0,0,4,2000.0,0.0,P8-4,0.014999999664723873,,0.800000011920929,,64.0,5.0,Phased
794,Frosk_r03,2631,150,2172,2021-06-30 15:23:00,4,0.0,40.04999923706055,0.0,4.0,64,3636400.0,0,0,4,1367.6600341796875,0.0,P8-4,0.014999999664723873,,0.800000011920929,,64.0,5.0,Phased
795,Frosk_r03,2632,150,2172,2021-06-30 15:29:00,4,22.200000762939453,31.799999237060547,23.399999618530273,4.0,64,3636400.0,0,0,4,2000.0,0.0,P8-4,0.014999999664723873,,0.800000011920929,,64.0,5.0,Phased
796,Frosk_r03,2633,150,2172,2021-06-30 15:30:00,4,0.0,40.04999923706055,0.0,4.0,64,3636400.0,0,0,4,1367.6600341796875,0.0,P8-4,0.014999999664723873,,0.800000011920929,,64.0,5.0,Phased
797,Frosk_r03,2634,150,2172,2021-06-30 15:42:00,4,21.600000381469727,31.799999237060547,23.399999618530273,4.0,64,3636400.0,0,0,4,2000.0,0.0,P8-4,0.014999999664723873,,0.800000011920929,,64.0,5.0,Phased
798,Frosk_r03,2635,150,2172,2021-06-30 15:43:00,4,21.700000762939453,40.04999923706055,23.299999237060547,4.0,64,3636400.0,0,0,4,1367.6600341796875,0.0,P8-4,0.014999999664723873,,0.800000011920929,,64.0,5.0,Phased
799,Frosk_r03,2636,150,2172,2021-06-30 15:44:00,4,21.799999237060547,50.439998626708984,23.100000381469727,4.0,64,3636400.0,0,0,4,935.25,0.0,P8-4,0.014999999664723873,,0.800000011920929,,64.0,5.0,Phased
800,Frosk_r03,2637,150,2172,2021-06-30 15:52:00,4,21.799999237060547,31.799999237060547,23.0,4.0,64,3636400.0,0,0,4,2000.0,0.0,P8-4,0.014999999664723873,,0.800000011920929,,64.0,5.0,Phased
801,Frosk_r03,2638,150,2172,2021-06-30 15:53:00,4,21.799999237060547,40.04999923706055,23.0,4.0,64,3636400.0,0,0,4,1367.6600341796875,0.0,P8-4,0.014999999664723873,,0.800000011920929,,64.0,5.0,Phased
802,Frosk_r03,2639,150,2172,2021-06-30 15:54:00,4,22.299999237060547,50.439998626708984,23.299999237060547,4.0,64,3636400.0,0,0,4,935.25,0.0,P8-4,0.014999999664723873,,0.800000011920929,,64.0,5.0,Phased
803,Frosk_r03,2640,150,2172,2021-06-30 15:56:00,4,22.700000762939453,63.52000045776367,23.600000381469727,4.0,64,3636400.0,0,0,4,639.5499877929688,0.0,P8-4,0.014999999664723873,,0.800000011920929,,64.0,5.0,Phased
804,Frosk_r03,2641,150,2172,2021-06-30 15:57:00,4,23.100000381469727,80.0,23.700000762939453,4.0,64,3636400.0,0,0,4,437.3399963378906,0.0,P8-4,0.014999999664723873,,0.800000011920929,,64.0,5.0,Phased
805,Frosk_r03,2643,150,2172,2021-06-30 16:05:00,3,21.600000381469727,61.599998474121094,22.5,4.0,6,3636400.0,0,0,4,1993.6199951171875,0.01744149997830391,P8-4,0.014999999664723873,,0.800000011920929,,64.0,5.0,Phased
806,Frosk_r03,2644,150,2172,2021-06-30 16:06:00,3,21.700000762939453,61.599998474121094,22.399999618530273,4.0,6,3636400.0,0,0,4,1993.6199951171875,0.7554720044136047,P8-4,0.014999999664723873,,0.800000011920929,,64.0,5.0,Phased
807,Frosk_r03,2645,150,2172,2021-07-01 12:24:00,3,22.0,61.599998474121094,24.299999237060547,4.0,6,3636400.0,0,0,4,1993.6199951171875,0.01744149997830391,P8-4,0.014999999664723873,,0.800000011920929,,64.0,5.0,Phased
808,Frosk_r03,2646,150,2172,2021-07-01 12:25:00,3,22.0,61.599998474121094,23.600000381469727,4.0,6,3636400.0,0,0,4,1993.6199951171875,0.7554720044136047,P8-4,0.014999999664723873,,0.800000011920929,,64.0,5.0,Phased
809,Frosk_r03,2647,150,2172,2021-07-01 12:26:00,3,22.0,61.599998474121094,24.5,4.0,16,3636400.0,0,0,4,1366.1199951171875,0.01744149997830391,P8-4,0.014999999664723873,,0.800000011920929,,64.0,5.0,Phased
810,Frosk_r03,2648,150,2172,2021-07-01 12:27:00,3,22.0,61.599998474121094,24.100000381469727,4.0,16,3636400.0,0,0,4,1366.1199951171875,0.7554720044136047,P8-4,0.014999999664723873,,0.800000011920929,,64.0,5.0,Phased
811,Frosk_r03,2649,150,2172,2021-07-01 12:28:00,3,22.0,61.599998474121094,24.100000381469727,4.0,32,3636400.0,0,0,4,933.530029296875,0.01744149997830391,P8-4,0.014999999664723873,,0.800000011920929,,64.0,5.0,Phased
812,Frosk_r03,2650,150,2172,2021-07-01 12:28:00,3,22.0,61.599998474121094,23.600000381469727,4.0,32,3636400.0,0,0,4,933.530029296875,0.7554720044136047,P8-4,0.014999999664723873,,0.800000011920929,,64.0,5.0,Phased
824,Frosk_r03,2662,150,2172,2021-07-02 16:36:00,3,24.399999618530273,61.599998474121094,25.899999618530273,4.0,32,3636400.0,0,0,4,933.530029296875,0.01744149997830391,P8-4,0.014999999664723873,,0.800000011920929,,64.0,5.0,Phased
825,Frosk_r03,2663,150,2172,2021-07-02 16:38:00,3,24.200000762939453,61.599998474121094,25.899999618530273,4.0,32,3636400.0,0,0,4,933.530029296875,0.7554720044136047,P8-4,0.014999999664723873,,0.800000011920929,,64.0,5.0,Phased
826,Frosk_r03,2664,150,2172,2021-07-02 16:39:00,3,24.0,61.599998474121094,25.600000381469727,4.0,48,3636400.0,0,0,4,638.4099731445312,0.01744149997830391,P8-4,0.014999999664723873,,0.800000011920929,,64.0,5.0,Phased
827,Frosk_r03,2665,150,2172,2021-07-02 16:40:00,3,23.899999618530273,61.599998474121094,25.299999237060547,4.0,48,3636400.0,0,0,4,638.4099731445312,0.7554720044136047,P8-4,0.014999999664723873,,0.800000011920929,,64.0,5.0,Phased
828,Frosk_r03,2666,150,2172,2021-07-02 16:42:00,3,23.899999618530273,61.599998474121094,25.299999237060547,4.0,64,3636400.0,0,0,4,436.760009765625,0.01744149997830391,P8-4,0.014999999664723873,,0.800000011920929,,64.0,5.0,Phased
829,Frosk_r03,2667,150,2172,2021-07-02 16:43:00,3,23.5,61.599998474121094,24.899999618530273,4.0,64,3636400.0,0,0,4,436.760009765625,0.7554720044136047,P8-4,0.014999999664723873,,0.800000011920929,,64.0,5.0,Phased
830,Frosk_r03,2668,150,2174,2021-07-05 09:40:00,4,27.799999237060547,6.159999847412109,30.0,1.0,29,3636400.0,0,0,1,3636400.0,0.0,P8-4,0.014999999664723873,,0.800000011920929,,64.0,5.0,Phased
831,Frosk_r03,2669,150,2174,2021-07-05 09:41:00,4,27.799999237060547,6.949999809265137,31.299999237060547,1.0,29,3636400.0,0,0,1,3636400.0,0.0,P8-4,0.014999999664723873,,0.800000011920929,,64.0,5.0,Phased
832,Frosk_r03,2670,150,2174,2021-07-05 09:42:00,4,27.700000762939453,7.849999904632568,31.200000762939453,1.0,29,3636400.0,0,0,1,3636400.0,0.0,P8-4,0.014999999664723873,,0.800000011920929,,64.0,5.0,Phased
833,Frosk_r03,2671,150,2174,2021-07-05 09:43:00,4,27.700000762939453,8.859999656677246,34.400001525878906,1.0,29,3636400.0,0,0,1,3636400.0,0.0,P8-4,0.014999999664723873,,0.800000011920929,,64.0,5.0,Phased
834,Frosk_r03,2672,150,2174,2021-07-05 09:43:00,4,27.600000381469727,10.0,30.600000381469727,1.0,29,3636400.0,0,0,1,3636400.0,0.0,P8-4,0.014999999664723873,,0.800000011920929,,64.0,5.0,Phased
56,LEO_4port_r01_AutoReport,72,140,2176,2015-09-23 17:23:00,4,23.600000381469727,34.89980697631836,35.29999923706055,2.0,64,5000000.0,0,0,2,29919.19921875,0.0,CH5-2,0.04769999906420708,6.25,1.399999976158142,,128.0,5.0,Convex
61,LEO_4port_r01_AutoReport,94,142,2258,2015-10-27 10:08:00,4,23.700000762939453,34.89980697631836,23.899999618530273,1.0,64,6153800.0,0,0,2,26263.69921875,0.0,VF10-5,0.029999999329447746,,0.5,,128.0,2.0,Linear
66,LEO_4port_r01_AutoReport,100,142,2259,2015-10-27 10:08:00,4,23.700000762939453,34.89980697631836,45.79999923706055,1.0,64,8000000.0,0,0,2,33262.69921875,0.0,VF10-5,0.029999999329447746,,0.5,,128.0,2.0,Linear
67,LEO_4port_r01_AutoReport,101,142,2259,2015-10-27 10:08:00,4,23.700000762939453,44.22602462768555,44.0,1.0,64,8000000.0,0,0,2,19763.30078125,0.0,VF10-5,0.029999999329447746,,0.5,,128.0,2.0,Linear
71,LEO_4port_r01_AutoReport,106,142,2260,2015-10-27 10:08:00,4,23.700000762939453,34.89980697631836,32.099998474121094,1.0,64,10000000.0,0,0,2,23706.5,0.0,VF10-5,0.029999999329447746,,0.5,,128.0,2.0,Linear
76,LEO_4port_r01_AutoReport,112,142,2261,2015-10-27 10:08:00,4,23.799999237060547,34.89980697631836,45.20000076293945,4.0,64,4000000.0,0,0,4,20619.80078125,0.0,VF10-5,0.029999999329447746,,0.5,,128.0,2.0,Linear
107,LEO_4port_r01_AutoReport,172,142,2271,2015-10-27 10:08:00,4,24.100000381469727,34.89980697631836,37.099998474121094,1.0,64,4000000.0,0,0,3,35243.5,0.0,VF10-5,0.029999999329447746,,0.5,,128.0,2.0,Linear
108,LEO_4port_r01_AutoReport,173,142,2271,2015-10-27 10:08:00,4,24.100000381469727,44.22602462768555,36.900001525878906,1.0,64,4000000.0,0,0,3,20879.69921875,0.0,VF10-5,0.029999999329447746,,0.5,,128.0,2.0,Linear
112,LEO_4port_r01_AutoReport,184,142,2270,2015-10-27 10:08:00,4,24.5,34.89980697631836,37.599998474121094,1.0,64,3636400.0,0,0,3,38000.0,0.0,VF10-5,0.029999999329447746,,0.5,,128.0,2.0,Linear
113,LEO_4port_r01_AutoReport,185,142,2270,2015-10-27 10:08:00,4,24.5,44.22602462768555,37.70000076293945,1.0,64,3636400.0,0,0,3,22428.19921875,0.0,VF10-5,0.029999999329447746,,0.5,,128.0,2.0,Linear
117,LEO_4port_r01_AutoReport,190,142,2272,2015-10-27 10:08:00,4,24.5,34.89980697631836,39.0,1.0,64,4705900.0,0,0,3,38000.0,0.0,VF10-5,0.029999999329447746,,0.5,,128.0,2.0,Linear
118,LEO_4port_r01_AutoReport,191,142,2272,2015-10-27 10:08:00,4,24.399999618530273,44.22602462768555,38.599998474121094,1.0,64,4705900.0,0,0,3,22428.19921875,0.0,VF10-5,0.029999999329447746,,0.5,,128.0,2.0,Linear
147,LEO_4port_r01_AutoReport,230,1490,2385,2016-01-15 00:00:00,4,23.600000381469727,34.89980697631836,42.29999923706055,1.0,51,3333300.0,0,0,0,26647.80078125,0.0,EC9-4v,0.020899999886751175,1.0182000398635864,0.6000000238418579,,128.0,3.0,Curved
385,LEO_4port_r01_AutoReport,522,140,2176,2016-04-30 01:19:00,4,24.899999618530273,34.89980697631836,39.70000076293945,2.0,64,5000000.0,0,0,2,27352.30078125,0.0,CH5-2,0.04769999906420708,6.25,1.399999976158142,,128.0,5.0,Convex
625,LEO_4port_r01_AutoReport,883,151,1709,2015-03-09 19:25:00,4,23.200000762939453,3.563020944595337,28.0,1.0,30,1818200.0,0,0,2,1818200.0,0.0,P4-2_slim,0.026000000536441803,,1.399999976158142,,64.0,6.199999809265137,Phased
626,LEO_4port_r01_AutoReport,884,151,1709,2015-03-09 19:59:00,4,23.200000762939453,3.8779869079589844,29.700000762939453,1.0,30,1818200.0,0,0,2,1818200.0,0.0,P4-2_slim,0.026000000536441803,,1.399999976158142,,64.0,6.199999809265137,Phased
627,LEO_4port_r01_AutoReport,885,151,1709,2015-03-09 20:39:00,4,23.299999237060547,4.220795154571533,30.899999618530273,1.0,30,1818200.0,0,0,2,1818200.0,0.0,P4-2_slim,0.026000000536441803,,1.399999976158142,,64.0,6.199999809265137,Phased
628,LEO_4port_r01_AutoReport,886,151,1709,2015-03-09 21:24:00,4,23.200000762939453,4.593905925750732,33.400001525878906,1.0,30,1818200.0,0,0,2,1818200.0,0.0,P4-2_slim,0.026000000536441803,,1.399999976158142,,64.0,6.199999809265137,Phased
629,LEO_4port_r01_AutoReport,887,151,1709,2015-03-09 22:13:00,4,23.200000762939453,5.0,35.29999923706055,1.0,30,1818200.0,0,0,2,1818200.0,0.0,P4-2_slim,0.026000000536441803,,1.399999976158142,,64.0,6.199999809265137,Phased
630,LEO_4port_r01_AutoReport,889,151,1710,2015-03-10 00:34:00,4,23.100000381469727,3.563020944595337,32.099998474121094,1.0,30,2000000.0,0,0,2,2000000.0,0.0,P4-2_slim,0.026000000536441803,,1.399999976158142,,64.0,6.199999809265137,Phased
631,LEO_4port_r01_AutoReport,890,151,1710,2015-03-10 00:34:00,4,23.200000762939453,3.8779869079589844,35.0,1.0,30,2000000.0,0,0,2,2000000.0,0.0,P4-2_slim,0.026000000536441803,,1.399999976158142,,64.0,6.199999809265137,Phased
632,LEO_4port_r01_AutoReport,891,151,1710,2015-03-10 01:26:00,4,23.100000381469727,4.220795154571533,36.599998474121094,1.0,30,2000000.0,0,0,2,2000000.0,0.0,P4-2_slim,0.026000000536441803,,1.399999976158142,,64.0,6.199999809265137,Phased
633,LEO_4port_r01_AutoReport,892,151,1710,2015-03-10 02:19:00,4,23.0,4.593905925750732,39.20000076293945,1.0,30,2000000.0,0,0,2,2000000.0,0.0,P4-2_slim,0.026000000536441803,,1.399999976158142,,64.0,6.199999809265137,Phased
634,LEO_4port_r01_AutoReport,893,151,1710,2015-03-10 03:15:00,4,22.899999618530273,5.0,41.70000076293945,1.0,30,2000000.0,0,0,2,2000000.0,0.0,P4-2_slim,0.026000000536441803,,1.399999976158142,,64.0,6.199999809265137,Phased
645,LEO_4port_r01_AutoReport,906,147,1808,2015-04-07 00:00:00,4,21.799999237060547,34.899810791015625,46.099998474121094,2.0,18,6666700.0,0,0,2,19437.19921875,0.0,EC9-4,0.020500000566244125,1.0,0.6000000238418579,,128.0,2.0,Curved
655,LEO_4port_r01_AutoReport,919,147,1810,2015-04-07 00:00:00,4,21.700000762939453,34.899810791015625,33.400001525878906,1.0,51,3333300.0,0,0,0,22513.69921875,0.0,EC9-4,0.020500000566244125,1.0,0.6000000238418579,,128.0,2.0,Curved
665,LEO_4port_r01_AutoReport,930,147,1811,2015-04-07 00:00:00,4,21.600000381469727,34.899810791015625,34.70000076293945,1.0,46,4705900.0,0,0,0,18053.0,0.0,EC9-4,0.020500000566244125,1.0,0.6000000238418579,,128.0,2.0,Curved
701,LEO_4port_r01_AutoReport,971,246,1858,2015-04-08 15:01:00,4,22.100000381469727,4.114622116088867,34.0,1.0,1,2000000.0,0,0,2,2000000.0,0.0,CW2,0.5419999957084656,,1.3799999952316284,,2.0,10.0,Linear
702,LEO_4port_r01_AutoReport,972,246,1858,2015-04-08 15:38:00,4,22.0,4.5215277671813965,37.599998474121094,1.0,1,2000000.0,0,0,2,2000000.0,0.0,CW2,0.5419999957084656,,1.3799999952316284,,2.0,10.0,Linear
703,LEO_4port_r01_AutoReport,973,246,1858,2015-04-08 16:16:00,4,22.100000381469727,4.968675136566162,41.400001525878906,1.0,1,2000000.0,0,0,2,2000000.0,0.0,CW2,0.5419999957084656,,1.3799999952316284,,2.0,10.0,Linear
704,LEO_4port_r01_AutoReport,974,246,1858,2015-04-08 16:56:00,4,22.0,5.460041046142578,45.900001525878906,1.0,1,2000000.0,0,0,2,2000000.0,0.0,CW2,0.5419999957084656,,1.3799999952316284,,2.0,10.0,Linear
705,LEO_4port_r01_AutoReport,975,246,1858,2015-04-08 17:38:00,4,21.899999618530273,6.0,50.5,1.0,1,2000000.0,0,0,2,2000000.0,0.0,CW2,0.5419999957084656,,1.3799999952316284,,2.0,10.0,Linear
706,LEO_4port_r01_AutoReport,1020,252,1848,2015-04-08 11:17:00,4,22.899999618530273,4.114622116088867,31.700000762939453,1.0,1,5000000.0,0,0,2,5000000.0,0.0,CW5,0.4440000057220459,,1.1299999952316284,,2.0,9.0,Linear
707,LEO_4port_r01_AutoReport,1021,252,1848,2015-04-08 11:50:00,4,23.0,4.5215277671813965,34.599998474121094,1.0,1,5000000.0,0,0,2,5000000.0,0.0,CW5,0.4440000057220459,,1.1299999952316284,,2.0,9.0,Linear
708,LEO_4port_r01_AutoReport,1022,252,1848,2015-04-08 12:23:00,4,22.899999618530273,4.968675136566162,38.099998474121094,1.0,1,5000000.0,0,0,2,5000000.0,0.0,CW5,0.4440000057220459,,1.1299999952316284,,2.0,9.0,Linear
709,LEO_4port_r01_AutoReport,1023,252,1848,2015-04-08 12:58:00,4,22.799999237060547,5.460041046142578,43.099998474121094,1.0,1,5000000.0,0,0,2,5000000.0,0.0,CW5,0.4440000057220459,,1.1299999952316284,,2.0,9.0,Linear
710,LEO_4port_r01_AutoReport,1024,252,1848,2015-04-08 13:34:00,4,22.700000762939453,6.0,49.5,1.0,1,5000000.0,0,0,2,5000000.0,0.0,CW5,0.4440000057220459,,1.1299999952316284,,2.0,9.0,Linear
737,LEO_4port_r01_AutoReport,1060,162,1511,2015-01-08 03:42:00,4,21.299999237060547,34.899810791015625,47.70000076293945,1.0,45,5714300.0,0,0,1,20298.69921875,0.0,EC10-5w,0.017999999225139618,1.0839999914169312,0.550000011920929,,192.0,4.0,Curved
742,LEO_4port_r01_AutoReport,1066,162,1512,2015-01-08 03:42:00,4,21.299999237060547,34.899810791015625,47.20000076293945,1.0,45,8000000.0,0,0,1,20598.0,0.0,EC10-5w,0.017999999225139618,1.0839999914169312,0.550000011920929,,192.0,4.0,Curved
752,LEO_4port_r01_AutoReport,1078,162,1514,2015-01-08 03:42:00,4,24.299999237060547,34.899810791015625,47.400001525878906,1.0,45,2857100.0,0,0,1,23059.30078125,0.0,EC10-5w,0.017999999225139618,1.0839999914169312,0.550000011920929,,192.0,4.0,Curved
757,LEO_4port_r01_AutoReport,1084,162,1515,2015-01-08 03:42:00,4,22.399999618530273,34.899810791015625,46.20000076293945,1.0,45,3809500.0,0,0,1,23417.19921875,0.0,EC10-5w,0.017999999225139618,1.0839999914169312,0.550000011920929,,192.0,4.0,Curved
762,LEO_4port_r01_AutoReport,1090,162,1516,2015-01-08 03:42:00,4,22.399999618530273,34.899810791015625,46.400001525878906,1.0,45,4705900.0,0,0,1,21338.19921875,0.0,EC10-5w,0.017999999225139618,1.0839999914169312,0.550000011920929,,192.0,4.0,Curved
777,LEO_4port_r01_AutoReport,1108,244,938,1905-06-11 00:00:00,4,21.600000381469727,34.899810791015625,39.599998474121094,2.0,64,13000000.0,0,0,2,19500.0,0.0,VF16-5,0.01810000091791153,0.0,0.25999999046325684,,192.0,1.5,Linear
833,LEO_4port_r01_AutoReport,1172,244,1881,1905-06-11 00:00:00,4,23.0,34.899810791015625,41.400001525878906,1.5,64,5333300.0,0,0,3,21297.19921875,0.0,VF16-5,0.01810000091791153,0.0,0.25999999046325684,,192.0,1.5,Linear
838,LEO_4port_r01_AutoReport,1178,244,1880,1905-06-11 00:00:00,4,22.5,34.899810791015625,39.5,1.5,64,4705900.0,0,0,3,22642.69921875,0.0,VF16-5,0.01810000091791153,0.0,0.25999999046325684,,192.0,1.5,Linear
843,LEO_4port_r01_AutoReport,1184,244,1907,1905-06-11 00:00:00,4,23.100000381469727,34.899810791015625,38.0,1.0,64,6153800.0,0,0,3,28606.30078125,0.0,VF16-5,0.01810000091791153,0.0,0.25999999046325684,,192.0,1.5,Linear
853,LEO_4port_r01_AutoReport,1196,148,1216,2015-04-01 00:00:00,4,21.600000381469727,34.899810791015625,48.29999923706055,1.5,64,8000000.0,0,0,2,18344.80078125,0.0,VF12-4,0.02669999934732914,,0.699999988079071,,192.0,2.5,Linear
914,LEO_4port_r01_AutoReport,1266,148,1825,2015-04-01 00:00:00,4,21.700000762939453,34.899810791015625,42.599998474121094,1.0,64,3333300.0,0,0,3,34455.5,0.0,VF12-4,0.02669999934732914,,0.699999988079071,,192.0,2.5,Linear
915,LEO_4port_r01_AutoReport,1267,148,1825,2015-04-01 00:00:00,4,21.700000762939453,44.22602081298828,43.0,1.0,64,3333300.0,0,0,3,20436.0,0.0,VF12-4,0.02669999934732914,,0.699999988079071,,192.0,2.5,Linear
919,LEO_4port_r01_AutoReport,1272,148,1894,2015-05-08 19:00:00,4,22.899999618530273,34.899810791015625,40.400001525878906,1.0,64,4705900.0,0,0,3,27227.5,0.0,VF12-4,0.02669999934732914,,0.699999988079071,,192.0,2.5,Linear
929,LEO_4port_r01_AutoReport,1284,187,1329,2015-04-30 00:00:00,4,22.5,34.899810791015625,41.900001525878906,1.0,64,7272700.0,0,0,2,20996.69921875,0.0,VF13-5SP,0.019999999552965164,,0.25,,128.0,1.2000000476837158,Linear
934,LEO_4port_r01_AutoReport,1290,187,1330,2015-04-30 00:00:00,4,22.5,34.899810791015625,38.599998474121094,1.0,64,8890000.0,0,0,2,26354.5,0.0,VF13-5SP,0.019999999552965164,,0.25,,128.0,1.2000000476837158,Linear
939,LEO_4port_r01_AutoReport,1296,187,1331,2015-04-30 00:00:00,4,22.600000381469727,34.899810791015625,31.5,1.0,64,11400000.0,0,0,2,33754.0,0.0,VF13-5SP,0.019999999552965164,,0.25,,128.0,1.2000000476837158,Linear
940,LEO_4port_r01_AutoReport,1297,187,1331,2015-04-30 00:00:00,4,22.700000762939453,44.22602081298828,31.100000381469727,1.0,64,11400000.0,0,0,2,20040.5,0.0,VF13-5SP,0.019999999552965164,,0.25,,128.0,1.2000000476837158,Linear
949,LEO_4port_r01_AutoReport,1308,187,1333,2015-04-30 00:00:00,4,22.5,34.899810791015625,33.70000076293945,1.0,64,4705900.0,0,0,1,19503.30078125,0.0,VF13-5SP,0.019999999552965164,,0.25,,128.0,1.2000000476837158,Linear
1068,LEO_4port_r01_AutoReport,1454,157,1025,2014-11-30 23:25:00,4,21.700000762939453,34.899810791015625,47.099998474121094,2.5,64,7270000.0,0,0,2,26069.0,0.0,C8-5,0.01600000075995922,1.4600000381469727,0.5,,160.0,1.899999976158142,Curved
1073,LEO_4port_r01_AutoReport,1460,157,1026,2014-11-30 23:25:00,4,21.600000381469727,34.899810791015625,46.20000076293945,2.5,64,3080000.0,0,0,1,23200.80078125,0.0,C8-5,0.01600000075995922,1.4600000381469727,0.5,,160.0,1.899999976158142,Curved
1078,LEO_4port_r01_AutoReport,1466,157,1027,2014-11-30 23:25:00,4,21.299999237060547,34.899810791015625,47.599998474121094,2.0,64,3636400.0,0,0,1,19600.69921875,0.0,C8-5,0.01600000075995922,1.4600000381469727,0.5,,160.0,1.899999976158142,Curved
1129,LEO_4port_r01_AutoReport,1539,128,3896,2017-06-16 00:00:00,4,22.399999618530273,34.89980697631836,34.099998474121094,1.0,64,10000000.0,0,0,2,20093.30078125,0.0,11L4,0.029999999329447746,,0.5,,128.0,1.7999999523162842,Linear
1134,LEO_4port_r01_AutoReport,1545,128,3897,2017-06-16 00:00:00,4,22.299999237060547,34.89980697631836,31.100000381469727,1.0,64,3636400.0,0,0,3,22155.69921875,0.0,11L4,0.029999999329447746,,0.5,,128.0,1.7999999523162842,Linear
1139,LEO_4port_r01_AutoReport,1551,128,3898,2017-06-16 00:00:00,4,22.399999618530273,34.89980697631836,31.5,1.0,64,4000000.0,0,0,3,21445.5,0.0,11L4,0.029999999329447746,,0.5,,128.0,1.7999999523162842,Linear
1144,LEO_4port_r01_AutoReport,1557,128,3899,2017-06-16 00:00:00,4,22.399999618530273,34.89980697631836,32.0,1.0,64,4705900.0,0,0,3,21192.69921875,0.0,11L4,0.029999999329447746,,0.5,,128.0,1.7999999523162842,Linear
1149,LEO_4port_r01_AutoReport,1563,128,3900,2017-06-16 00:00:00,4,22.200000762939453,34.89980697631836,28.299999237060547,1.0,64,3636400.0,0,1,3,23014.80078125,0.0,11L4,0.029999999329447746,,0.5,,128.0,1.7999999523162842,Linear
1157,LEO_4port_r01_AutoReport,1572,128,3901,2017-06-16 00:00:00,4,21.600000381469727,34.89980697631836,29.100000381469727,1.0,64,4000000.0,0,1,3,26356.30078125,0.0,11L4,0.029999999329447746,,0.5,,128.0,1.7999999523162842,Linear
1169,LEO_4port_r01_AutoReport,1585,128,3902,2017-06-16 00:00:00,4,22.899999618530273,34.89980697631836,30.399999618530273,1.0,64,4705900.0,0,1,3,24962.19921875,0.0,11L4,0.029999999329447746,,0.5,,128.0,1.7999999523162842,Linear
1180,LEO_4port_r01_AutoReport,1597,128,3902,2017-06-16 00:00:00,3,23.5,61.599998474121094,25.600000381469727,1.0,16,4705900.0,0,1,3,6009.6201171875,0.3436470031738281,11L4,0.029999999329447746,,0.5,,128.0,1.7999999523162842,Linear
1182,LEO_4port_r01_AutoReport,1599,128,3902,2017-06-16 00:00:00,3,23.5,61.599998474121094,25.399999618530273,1.0,16,4705900.0,0,1,3,9398.5,1.4791799783706665,11L4,0.029999999329447746,,0.5,,128.0,1.7999999523162842,Linear
1184,LEO_4port_r01_AutoReport,1601,128,3902,2017-06-16 00:00:00,3,23.600000381469727,61.599998474121094,25.600000381469727,1.0,16,4705900.0,0,1,3,12500.0,2.853760004043579,11L4,0.029999999329447746,,0.5,,128.0,1.7999999523162842,Linear
1185,LEO_4port_r01_AutoReport,1602,128,3902,2017-06-16 00:00:00,3,23.5,61.599998474121094,25.799999237060547,1.0,16,4705900.0,0,1,3,15060.2001953125,3.809999942779541,11L4,0.029999999329447746,,0.5,,128.0,1.7999999523162842,Linear
1193,LEO_4port_r01_AutoReport,1610,128,3902,2017-06-16 00:00:00,3,23.299999237060547,61.599998474121094,25.700000762939453,1.0,48,4705900.0,0,1,3,3026.6298828125,0.3436470031738281,11L4,0.029999999329447746,,0.5,,128.0,1.7999999523162842,Linear
1194,LEO_4port_r01_AutoReport,1612,128,3902,2017-06-16 00:00:00,3,23.200000762939453,61.599998474121094,25.5,1.0,48,4705900.0,0,1,3,3591.949951171875,1.4791799783706665,11L4,0.029999999329447746,,0.5,,128.0,1.7999999523162842,Linear
1195,LEO_4port_r01_AutoReport,1613,128,3902,2017-06-16 00:00:00,3,23.100000381469727,61.599998474121094,25.700000762939453,1.0,48,4705900.0,0,1,3,4770.990234375,2.853760004043579,11L4,0.029999999329447746,,0.5,,128.0,1.7999999523162842,Linear
1197,LEO_4port_r01_AutoReport,1615,128,3902,2017-06-16 00:00:00,3,23.100000381469727,61.599998474121094,25.799999237060547,1.0,48,4705900.0,0,1,3,5733.93994140625,3.809999942779541,11L4,0.029999999329447746,,0.5,,128.0,1.7999999523162842,Linear
1198,LEO_4port_r01_AutoReport,1616,128,3902,2017-06-16 00:00:00,3,23.200000762939453,61.599998474121094,25.200000762939453,1.0,64,4705900.0,0,1,3,2090.300048828125,0.3436470031738281,11L4,0.029999999329447746,,0.5,,128.0,1.7999999523162842,Linear
1200,LEO_4port_r01_AutoReport,1618,128,3902,2017-06-16 00:00:00,3,23.200000762939453,61.599998474121094,25.200000762939453,1.0,64,4705900.0,0,1,3,2367.419921875,1.4791799783706665,11L4,0.029999999329447746,,0.5,,128.0,1.7999999523162842,Linear
1201,LEO_4port_r01_AutoReport,1619,128,3902,2017-06-16 00:00:00,3,23.200000762939453,61.599998474121094,25.399999618530273,1.0,64,4705900.0,0,1,3,2962.090087890625,2.853760004043579,11L4,0.029999999329447746,,0.5,,128.0,1.7999999523162842,Linear
1203,LEO_4port_r01_AutoReport,1621,128,3902,2017-06-16 00:00:00,3,23.299999237060547,61.599998474121094,25.5,1.0,64,4705900.0,0,1,3,3551.139892578125,3.809999942779541,11L4,0.029999999329447746,,0.5,,128.0,1.7999999523162842,Linear
2,FROSK_r01_AutoReport,124,140,389,2014-05-31 00:00:00,4,22.700000762939453,64.0,25.200000762939453,2.0,64,5000000.0,0,0,2,1152.7900390625,0.16151300072669983,CH5-2,0.04769999906420708,6.25,1.399999976158142,,128.0,5.0,Convex
3,FROSK_r01_AutoReport,125,140,389,2014-05-31 00:00:00,4,22.700000762939453,80.0,25.200000762939453,2.0,64,5000000.0,0,0,2,761.4619750976562,0.16151300072669983,CH5-2,0.04769999906420708,6.25,1.399999976158142,,128.0,5.0,Convex
155,FROSK_r01_AutoReport,496,147,564,2014-05-18 00:00:00,4,23.200000762939453,32.0,25.399999618530273,1.0,64,6666700.0,0,0,2,4000.0,0.07799659669399261,EC9-4,0.020500000566244125,1.0,0.800000011920929,,128.0,2.0,Curved
177,FROSK_r01_AutoReport,862,142,405,2014-05-26 18:35:00,4,22.200000762939453,32.0,25.600000381469727,1.0,58,6153800.0,0,0,2,5980.85986328125,0.11981099843978882,VF10-5,0.029999999329447746,0.0,0.5,,128.0,2.0,Linear
182,FROSK_r01_AutoReport,868,142,413,2014-05-26 19:46:00,4,22.700000762939453,32.0,25.100000381469727,1.0,58,8000000.0,0,0,2,5980.85986328125,0.11981099843978882,VF10-5,0.029999999329447746,0.0,0.5,,128.0,2.0,Linear
183,FROSK_r01_AutoReport,869,142,413,2014-05-26 19:54:00,4,22.799999237060547,40.0,25.799999237060547,1.0,58,8000000.0,0,0,2,5102.0400390625,0.11981099843978882,VF10-5,0.029999999329447746,0.0,0.5,,128.0,2.0,Linear
184,FROSK_r01_AutoReport,870,142,413,2014-05-26 20:04:00,4,22.799999237060547,50.0,25.700000762939453,1.0,58,8000000.0,0,0,2,3255.2099609375,0.11981099843978882,VF10-5,0.029999999329447746,0.0,0.5,,128.0,2.0,Linear
185,FROSK_r01_AutoReport,871,142,413,2014-05-26 20:14:00,4,22.700000762939453,64.0,25.5,1.0,58,8000000.0,0,0,2,2076.409912109375,0.11981099843978882,VF10-5,0.029999999329447746,0.0,0.5,,128.0,2.0,Linear
186,FROSK_r01_AutoReport,872,142,413,2014-05-26 20:23:00,4,22.799999237060547,80.0,25.299999237060547,1.0,58,8000000.0,0,0,2,1325.56005859375,0.11981099843978882,VF10-5,0.029999999329447746,0.0,0.5,,128.0,2.0,Linear
187,FROSK_r01_AutoReport,874,142,421,2014-05-26 20:42:00,4,22.799999237060547,32.0,24.399999618530273,1.0,58,10000000.0,0,0,2,5980.85986328125,0.11981099843978882,VF10-5,0.029999999329447746,0.0,0.5,,128.0,2.0,Linear
188,FROSK_r01_AutoReport,875,142,421,2014-05-26 20:49:00,4,22.799999237060547,40.0,24.700000762939453,1.0,58,10000000.0,0,0,2,5102.0400390625,0.11981099843978882,VF10-5,0.029999999329447746,0.0,0.5,,128.0,2.0,Linear
189,FROSK_r01_AutoReport,876,142,421,2014-05-26 20:57:00,4,22.799999237060547,50.0,24.600000381469727,1.0,58,10000000.0,0,0,2,3255.2099609375,0.11981099843978882,VF10-5,0.029999999329447746,0.0,0.5,,128.0,2.0,Linear
190,FROSK_r01_AutoReport,877,142,421,2014-05-26 21:05:00,4,22.700000762939453,64.0,24.5,1.0,58,10000000.0,0,0,2,2076.409912109375,0.11981099843978882,VF10-5,0.029999999329447746,0.0,0.5,,128.0,2.0,Linear
191,FROSK_r01_AutoReport,878,142,421,2014-05-26 21:12:00,4,22.799999237060547,80.0,24.299999237060547,1.0,58,10000000.0,0,0,2,1325.56005859375,0.11981099843978882,VF10-5,0.029999999329447746,0.0,0.5,,128.0,2.0,Linear
192,FROSK_r01_AutoReport,880,142,429,2014-05-26 21:25:00,4,22.799999237060547,32.0,25.0,1.0,64,3636400.0,0,0,1,5980.85986328125,0.11981099843978882,VF10-5,0.029999999329447746,0.0,0.5,,128.0,2.0,Linear
193,FROSK_r01_AutoReport,881,142,429,2014-05-26 21:34:00,4,22.799999237060547,40.0,25.799999237060547,1.0,64,3636400.0,0,0,1,5102.0400390625,0.11981099843978882,VF10-5,0.029999999329447746,0.0,0.5,,128.0,2.0,Linear
197,FROSK_r01_AutoReport,886,142,437,2014-05-26 22:33:00,4,22.799999237060547,32.0,25.299999237060547,1.0,64,4000000.0,0,0,1,5980.85986328125,0.11981099843978882,VF10-5,0.029999999329447746,0.0,0.5,,128.0,2.0,Linear
202,FROSK_r01_AutoReport,892,142,445,2014-05-26 23:42:00,4,22.799999237060547,32.0,25.600000381469727,1.0,64,4705900.0,0,0,1,5980.85986328125,0.11981099843978882,VF10-5,0.029999999329447746,0.0,0.5,,128.0,2.0,Linear
306,FROSK_r01_AutoReport,1128,147,564,2014-07-20 12:38:00,4,23.399999618530273,32.0,25.0,1.0,64,6666700.0,0,0,2,2997.60009765625,0.07799659669399261,EC9-4,0.020500000566244125,1.0,0.800000011920929,,128.0,2.0,Curved
371,FROSK_r01_AutoReport,1243,142,461,2014-07-23 12:44:00,3,22.200000762939453,61.599998474121094,38.900001525878906,4.0,14,5333300.0,0,0,4,19531.19921875,1.3596500158309937,VF10-5,0.029999999329447746,0.0,0.5,,128.0,2.0,Linear
372,FROSK_r01_AutoReport,1244,142,461,2014-07-23 13:40:00,3,22.299999237060547,61.599998474121094,35.70000076293945,4.0,14,5333300.0,0,0,4,19531.19921875,2.704349994659424,VF10-5,0.029999999329447746,0.0,0.5,,128.0,2.0,Linear
373,FROSK_r01_AutoReport,1245,142,461,2014-07-23 14:36:00,3,22.100000381469727,61.599998474121094,34.29999923706055,4.0,14,5333300.0,0,0,4,19531.19921875,3.809999942779541,VF10-5,0.029999999329447746,0.0,0.5,,128.0,2.0,Linear
412,FROSK_r01_AutoReport,1441,151,965,2014-08-08 22:56:00,4,23.100000381469727,16.0,25.299999237060547,2.0,64,3636400.0,0,0,2,5000.0,0.0,P4-2,0.026000000536441803,0.0,1.350000023841858,,64.0,6.199999809265137,Phased
417,FROSK_r01_AutoReport,1447,151,966,2014-08-08 22:56:00,4,23.200000762939453,16.0,24.600000381469727,2.0,64,1333300.0,0,0,1,5000.0,0.0,P4-2,0.026000000536441803,0.0,1.350000023841858,,64.0,6.199999809265137,Phased
418,FROSK_r01_AutoReport,1448,151,966,2014-08-08 22:56:00,4,23.100000381469727,24.0,25.5,2.0,64,1333300.0,0,0,1,3266.0400390625,0.0,P4-2,0.026000000536441803,0.0,1.350000023841858,,64.0,6.199999809265137,Phased
422,FROSK_r01_AutoReport,1453,151,967,2014-08-08 22:56:00,4,23.200000762939453,16.0,24.600000381469727,2.0,64,1538500.0,0,0,1,5000.0,0.0,P4-2,0.026000000536441803,0.0,1.350000023841858,,64.0,6.199999809265137,Phased
423,FROSK_r01_AutoReport,1454,151,967,2014-08-08 22:56:00,4,23.200000762939453,24.0,25.600000381469727,2.0,64,1538500.0,0,0,1,3266.0400390625,0.0,P4-2,0.026000000536441803,0.0,1.350000023841858,,64.0,6.199999809265137,Phased
427,FROSK_r01_AutoReport,1471,151,969,2014-08-08 22:56:00,4,22.399999618530273,16.0,24.899999618530273,2.5,64,1818200.0,0,0,1,5000.0,0.0,P4-2,0.026000000536441803,0.0,1.350000023841858,,64.0,6.199999809265137,Phased
432,FROSK_r01_AutoReport,1483,151,971,2014-08-08 22:56:00,4,22.899999618530273,16.0,25.700000762939453,2.0,64,2000000.0,0,0,1,5000.0,0.0,P4-2,0.026000000536441803,0.0,1.350000023841858,,64.0,6.199999809265137,Phased
437,FROSK_r01_AutoReport,1489,151,972,2014-08-08 04:21:00,4,22.899999618530273,16.0,25.600000381469727,4.0,64,2000000.0,0,0,4,5000.0,0.0,P4-2,0.026000000536441803,0.0,1.350000023841858,,64.0,6.199999809265137,Phased
442,FROSK_r01_AutoReport,1495,151,973,2014-08-08 08:54:00,4,22.299999237060547,16.0,25.899999618530273,4.0,64,2222200.0,0,0,4,5000.0,0.0,P4-2,0.026000000536441803,0.0,1.350000023841858,,64.0,6.199999809265137,Phased
457,FROSK_r01_AutoReport,1513,151,962,2014-08-08 22:56:00,3,0.0,61.599998474121094,0.013782159425318241,2.0,64,2500000.0,0,0,2,1.0,0.0,P4-2,0.026000000536441803,0.0,1.350000023841858,,64.0,6.199999809265137,Phased
460,FROSK_r01_AutoReport,1564,143,793,2014-08-13 19:44:00,4,22.299999237060547,50.43879699707031,25.899999618530273,4.0,42,7272700.0,0,0,4,3256.719970703125,0.0,VF13-5,0.029999999329447746,0.0,0.25,,128.0,1.2000000476837158,Linear
461,FROSK_r01_AutoReport,1565,143,793,2014-08-13 19:54:00,4,22.399999618530273,63.52246856689453,25.5,4.0,42,7272700.0,0,0,4,2077.909912109375,0.0,VF13-5,0.029999999329447746,0.0,0.25,,128.0,1.2000000476837158,Linear
462,FROSK_r01_AutoReport,1566,143,793,2014-08-13 20:04:00,4,22.399999618530273,80.0,25.0,4.0,42,7272700.0,0,0,4,1325.780029296875,0.0,VF13-5,0.029999999329447746,0.0,0.25,,128.0,1.2000000476837158,Linear
463,FROSK_r01_AutoReport,1592,143,793,2014-08-14 16:33:00,3,21.799999237060547,61.599998474121094,24.600000381469727,4.0,10,7272700.0,0,0,4,4980.080078125,0.2156600058078766,VF13-5,0.029999999329447746,0.0,0.25,,128.0,1.2000000476837158,Linear
464,FROSK_r01_AutoReport,1593,143,793,2014-08-14 16:40:00,3,21.799999237060547,61.599998474121094,25.399999618530273,4.0,10,7272700.0,0,0,4,12019.2001953125,1.3658499717712402,VF13-5,0.029999999329447746,0.0,0.25,,128.0,1.2000000476837158,Linear
465,FROSK_r01_AutoReport,1594,143,793,2014-08-14 16:50:00,3,21.799999237060547,61.599998474121094,24.799999237060547,4.0,10,7272700.0,0,0,4,12019.2001953125,2.707740068435669,VF13-5,0.029999999329447746,0.0,0.25,,128.0,1.2000000476837158,Linear
466,FROSK_r01_AutoReport,1595,143,793,2014-08-14 17:01:00,3,21.799999237060547,61.599998474121094,24.5,4.0,10,7272700.0,0,0,4,12019.2001953125,3.809999942779541,VF13-5,0.029999999329447746,0.0,0.25,,128.0,1.2000000476837158,Linear
469,FROSK_r01_AutoReport,1598,143,793,2014-08-14 17:37:00,3,21.899999618530273,61.599998474121094,25.700000762939453,4.0,21,7272700.0,0,0,4,7485.02978515625,2.707740068435669,VF13-5,0.029999999329447746,0.0,0.25,,128.0,1.2000000476837158,Linear
470,FROSK_r01_AutoReport,1599,143,793,2014-08-14 17:51:00,3,21.899999618530273,61.599998474121094,25.5,4.0,21,7272700.0,0,0,4,7485.02978515625,3.809999942779541,VF13-5,0.029999999329447746,0.0,0.25,,128.0,1.2000000476837158,Linear
473,FROSK_r01_AutoReport,1602,143,793,2014-08-14 18:28:00,3,22.0,61.599998474121094,25.600000381469727,4.0,32,7272700.0,0,0,4,4681.64990234375,2.707740068435669,VF13-5,0.029999999329447746,0.0,0.25,,128.0,1.2000000476837158,Linear
474,FROSK_r01_AutoReport,1603,143,793,2014-08-14 18:41:00,3,22.100000381469727,61.599998474121094,25.5,4.0,32,7272700.0,0,0,4,4681.64990234375,3.809999942779541,VF13-5,0.029999999329447746,0.0,0.25,,128.0,1.2000000476837158,Linear
476,FROSK_r01_AutoReport,1605,143,793,2014-08-14 19:05:00,3,22.299999237060547,61.599998474121094,25.899999618530273,4.0,42,7272700.0,0,0,4,2927.39990234375,1.3658499717712402,VF13-5,0.029999999329447746,0.0,0.25,,128.0,1.2000000476837158,Linear
477,FROSK_r01_AutoReport,1606,143,793,2014-08-14 19:18:00,3,22.299999237060547,61.599998474121094,25.299999237060547,4.0,42,7272700.0,0,0,4,2927.39990234375,2.707740068435669,VF13-5,0.029999999329447746,0.0,0.25,,128.0,1.2000000476837158,Linear
478,FROSK_r01_AutoReport,1607,143,793,2014-08-14 19:29:00,3,22.299999237060547,61.599998474121094,25.100000381469727,4.0,42,7272700.0,0,0,4,2927.39990234375,3.809999942779541,VF13-5,0.029999999329447746,0.0,0.25,,128.0,1.2000000476837158,Linear
479,FROSK_r01_AutoReport,1637,151,1625,2014-09-12 00:00:00,4,22.399999618530273,10.0,41.5,1.0,29,1818200.0,0,0,1,1818200.0,0.0,P4-2,0.026000000536441803,0.0,1.350000023841858,,64.0,6.199999809265137,Phased
480,FROSK_r01_AutoReport,1638,151,1626,2014-09-12 00:00:00,4,22.5,8.199999809265137,40.0,1.0,29,2000000.0,0,0,1,2000000.0,0.0,P4-2,0.026000000536441803,0.0,1.350000023841858,,64.0,6.199999809265137,Phased
481,FROSK_r01_AutoReport,1639,151,1626,2014-09-12 00:00:00,4,22.299999237060547,5.0,25.0,1.0,29,2000000.0,0,0,1,2000000.0,0.0,P4-2,0.026000000536441803,0.0,1.350000023841858,,64.0,6.199999809265137,Phased
482,FROSK_r01_AutoReport,1640,151,1626,2014-09-12 00:00:00,4,22.399999618530273,6.5,31.0,1.0,29,2000000.0,0,0,1,2000000.0,0.0,P4-2,0.026000000536441803,0.0,1.350000023841858,,64.0,6.199999809265137,Phased
483,FROSK_r01_AutoReport,1641,151,1625,2014-09-12 00:00:00,4,22.299999237060547,6.0,27.200000762939453,1.0,29,1818200.0,0,0,1,1818200.0,0.0,P4-2,0.026000000536441803,0.0,1.350000023841858,,64.0,6.199999809265137,Phased
484,FROSK_r01_AutoReport,1642,151,1625,2014-09-12 00:00:00,4,22.299999237060547,7.0,30.0,1.0,29,1818200.0,0,0,1,1818200.0,0.0,P4-2,0.026000000536441803,0.0,1.350000023841858,,64.0,6.199999809265137,Phased
485,FROSK_r01_AutoReport,1643,151,1625,2014-09-12 00:00:00,4,22.299999237060547,8.5,35.099998474121094,1.0,29,1818200.0,0,0,1,1818200.0,0.0,P4-2,0.026000000536441803,0.0,1.350000023841858,,64.0,6.199999809265137,Phased
486,FROSK_r01_AutoReport,1644,151,1626,2014-09-12 00:00:00,4,22.200000762939453,7.0,33.20000076293945,1.0,29,2000000.0,0,0,1,2000000.0,0.0,P4-2,0.026000000536441803,0.0,1.350000023841858,,64.0,6.199999809265137,Phased
487,FROSK_r01_AutoReport,1647,151,1626,2014-09-12 00:00:00,3,22.200000762939453,7.0,33.20000076293945,1.0,29,2000000.0,0,0,1,2000000.0,0.0,P4-2,0.026000000536441803,0.0,1.350000023841858,,64.0,6.199999809265137,Phased
488,FROSK_r01_AutoReport,1648,151,1626,2014-09-12 00:00:00,3,22.200000762939453,7.0,33.20000076293945,1.0,29,2000000.0,0,0,1,2000000.0,0.10000000149011612,P4-2,0.026000000536441803,0.0,1.350000023841858,,64.0,6.199999809265137,Phased
489,FROSK_r01_AutoReport,1649,151,1626,2014-09-12 00:00:00,3,22.200000762939453,7.0,33.20000076293945,1.0,29,2000000.0,0,0,1,2000000.0,0.20000000298023224,P4-2,0.026000000536441803,0.0,1.350000023841858,,64.0,6.199999809265137,Phased
490,FROSK_r01_AutoReport,1650,151,1626,2014-09-12 00:00:00,3,22.200000762939453,7.0,33.20000076293945,1.0,29,2000000.0,0,0,1,2000000.0,0.30000001192092896,P4-2,0.026000000536441803,0.0,1.350000023841858,,64.0,6.199999809265137,Phased
0,FROSK_r02_new,660,656,792,2016-05-17 16:11:00,4,24.399999618530273,7.1118927001953125,26.399999618530273,10.0,16,5000000.0,0,0,0,5000000.0,0.0,8F,0.010999999940395355,,0.20000000298023224,,64.0,1.0,AcuNav_Phased
1,FROSK_r02_new,661,656,792,2016-05-17 16:42:00,4,24.100000381469727,8.105582237243652,27.399999618530273,10.0,16,5000000.0,0,0,0,5000000.0,0.0,8F,0.010999999940395355,,0.20000000298023224,,64.0,1.0,AcuNav_Phased
2,FROSK_r02_new,662,656,792,2016-05-17 17:15:00,4,23.899999618530273,9.23811149597168,28.799999237060547,10.0,16,5000000.0,0,0,0,5000000.0,0.0,8F,0.010999999940395355,,0.20000000298023224,,64.0,1.0,AcuNav_Phased
3,FROSK_r02_new,663,656,792,2016-05-17 17:47:00,4,24.100000381469727,10.528881072998047,30.5,10.0,16,5000000.0,0,0,0,5000000.0,0.0,8F,0.010999999940395355,,0.20000000298023224,,64.0,1.0,AcuNav_Phased
4,FROSK_r02_new,664,656,792,2016-05-17 18:21:00,4,24.299999237060547,12.0,33.20000076293945,10.0,16,5000000.0,0,0,0,5000000.0,0.0,8F,0.010999999940395355,,0.20000000298023224,,64.0,1.0,AcuNav_Phased
46,FROSK_r02_new,1038,11319682,973,2016-07-20 09:42:00,4,22.299999237060547,31.8009033203125,38.5,1.5,64,3636400.0,0,0,1,30439.0,0.0,L10-5v,0.029999999329447746,,0.5,,128.0,1.7999999523162842,Linear
47,FROSK_r02_new,1039,11319682,973,2016-07-20 10:39:00,4,22.399999618530273,40.04996109008789,38.400001525878906,1.5,64,3636400.0,0,0,1,18166.0,0.0,L10-5v,0.029999999329447746,,0.5,,128.0,1.7999999523162842,Linear
51,FROSK_r02_new,1044,11319682,974,2016-07-20 15:38:00,4,23.799999237060547,31.8009033203125,38.599998474121094,1.5,64,4000000.0,0,0,1,26841.69921875,0.0,L10-5v,0.029999999329447746,,0.5,,128.0,1.7999999523162842,Linear
56,FROSK_r02_new,1056,252,976,2016-09-26 15:08:00,4,21.899999618530273,6.158482074737549,24.426856994628906,1.0,1,5000000.0,0,0,1,5000000.0,0.0,CW5,0.4440000057220459,,1.1299999952316284,,2.0,4.5,Linear
57,FROSK_r02_new,1057,252,976,2016-09-26 15:08:00,4,21.799999237060547,6.95192813873291,26.383426666259766,1.0,1,5000000.0,0,0,1,5000000.0,0.0,CW5,0.4440000057220459,,1.1299999952316284,,2.0,4.5,Linear
58,FROSK_r02_new,1058,252,976,2016-09-26 15:08:00,4,21.799999237060547,7.847599506378174,28.803787231445312,1.0,1,5000000.0,0,0,1,5000000.0,0.0,CW5,0.4440000057220459,,1.1299999952316284,,2.0,4.5,Linear
59,FROSK_r02_new,1059,252,976,2016-09-26 15:08:00,4,21.799999237060547,8.858668327331543,31.946706771850586,1.0,1,5000000.0,0,0,1,5000000.0,0.0,CW5,0.4440000057220459,,1.1299999952316284,,2.0,4.5,Linear
60,FROSK_r02_new,1060,252,976,2016-09-26 15:08:00,4,22.0,10.0,36.96891403198242,1.0,1,5000000.0,0,0,1,5000000.0,0.0,CW5,0.4440000057220459,,1.1299999952316284,,2.0,4.5,Linear
61,FROSK_r02_new,1062,246,981,2016-09-26 14:41:00,4,21.799999237060547,6.158482074737549,23.87202262878418,1.0,1,2000000.0,0,0,1,2000000.0,0.0,CW2,0.5419999957084656,,1.3799999952316284,,2.0,10.0,Linear
62,FROSK_r02_new,1063,246,981,2016-09-26 14:41:00,4,21.799999237060547,6.95192813873291,25.542936325073242,1.0,1,2000000.0,0,0,1,2000000.0,0.0,CW2,0.5419999957084656,,1.3799999952316284,,2.0,10.0,Linear
63,FROSK_r02_new,1064,246,981,2016-09-26 14:41:00,4,21.799999237060547,7.847599506378174,27.75522232055664,1.0,1,2000000.0,0,0,1,2000000.0,0.0,CW2,0.5419999957084656,,1.3799999952316284,,2.0,10.0,Linear
64,FROSK_r02_new,1065,246,981,2016-09-26 14:41:00,4,21.899999618530273,8.858668327331543,30.165700912475586,1.0,1,2000000.0,0,0,1,2000000.0,0.0,CW2,0.5419999957084656,,1.3799999952316284,,2.0,10.0,Linear
65,FROSK_r02_new,1066,246,981,2016-09-26 14:41:00,4,21.899999618530273,10.0,32.855140686035156,1.0,1,2000000.0,0,0,1,2000000.0,0.0,CW2,0.5419999957084656,,1.3799999952316284,,2.0,10.0,Linear
106,FROSK_r02_new,1272,231,1274,2019-07-02 00:00:00,4,21.399999618530273,24.8799991607666,25.0,1.5,64,3076900.0,0,0,1,9379.330078125,0.0,P8_sample_3,0.014600000344216824,,0.2199999988079071,,128.0,0.699999988079071,AcuNav_Phased
107,FROSK_r02_new,1273,231,1274,2019-07-02 00:00:00,4,21.299999237060547,34.310001373291016,25.5,1.5,64,3076900.0,0,0,1,5097.5400390625,0.0,P8_sample_3,0.014600000344216824,,0.2199999988079071,,128.0,0.699999988079071,AcuNav_Phased
